filepath,label
arctic_vegetation/20230724_birch24_m3m/BIRC/tile_08498.png,2
arctic_vegetation/20230724_birch24_m3m/BIRC/tile_08499.png,2
arctic_vegetation/20230724_birch24_m3m/BIRC/tile_08500.png,2
arctic_vegetation/20230724_birch24_m3m/BIRC/tile_08501.png,2
arctic_vegetation/20230724_birch24_m3m/BIRC/tile_08502.png,2
arctic_vegetation/20230724_birch24_m3m/BIRC/tile_08503.png,2
arctic_vegetation/20230724_birch24_m3m/BIRC/tile_08504.png,2
arctic_vegetation/20230724_birch24_m3m/PETF/tile_08505.png,6
arctic_vegetation/20230724_birch24_m3m/BIRC/tile_08507.png,2
arctic_vegetation/20230724_birch24_m3m/BIRC/tile_08508.png,2
arctic_vegetation/20230724_birch24_m3m/BIRC/tile_08509.png,2
arctic_vegetation/20230724_birch24_m3m/BIRC/tile_08510.png,2
arctic_vegetation/20230724_birch24_m3m/BIRC/tile_08511.png,2
arctic_vegetation/20230724_birch24_m3m/BIRC/tile_08512.png,2
arctic_vegetation/20230724_birch24_m3m/BIRC/tile_08513.png,2
arctic_vegetation/20230724_birch24_m3m/BIRC/tile_08514.png,2
arctic_vegetation/20230724_birch24_m3m/BIRC/tile_08515.png,2
arctic_vegetation/20230724_birch24_m3m/BIRC/tile_08516.png,2
arctic_vegetation/20230724_birch24_m3m/BIRC/tile_08517.png,2
arctic_vegetation/20230724_birch24_m3m/BIRC/tile_08518.png,2
arctic_vegetation/20230724_birch24_m3m/BIRC/tile_08519.png,2
arctic_vegetation/20230724_birch24_m3m/BIRC/tile_08520.png,2
arctic_vegetation/20230724_birch24_m3m/BIRC/tile_08527.png,2
arctic_vegetation/20230724_birch24_m3m/BIRC/tile_08528.png,2
arctic_vegetation/20230724_birch24_m3m/BIRC/tile_08529.png,2
arctic_vegetation/20230724_birch24_m3m/BIRC/tile_08712.png,2
arctic_vegetation/20230724_birch24_m3m/BIRC/tile_08713.png,2
arctic_vegetation/20230724_birch24_m3m/BIRC/tile_08714.png,2
arctic_vegetation/20230724_birch24_m3m/BIRC/tile_08715.png,2
arctic_vegetation/20230724_birch24_m3m/BIRC/tile_08716.png,2
arctic_vegetation/20230724_birch24_m3m/BIRC/tile_08717.png,2
arctic_vegetation/20230724_birch24_m3m/BIRC/tile_08718.png,2
arctic_vegetation/20230724_birch24_m3m/BIRC/tile_08719.png,2
arctic_vegetation/20230724_birch24_m3m/BIRC/tile_08721.png,2
arctic_vegetation/20230724_birch24_m3m/BIRC/tile_08722.png,2
arctic_vegetation/20230724_birch24_m3m/BIRC/tile_08723.png,2
arctic_vegetation/20230724_birch24_m3m/BIRC/tile_08724.png,2
arctic_vegetation/20230724_birch24_m3m/BIRC/tile_08725.png,2
arctic_vegetation/20230724_birch24_m3m/BIRC/tile_08726.png,2
arctic_vegetation/20230724_birch24_m3m/BIRC/tile_08727.png,2
arctic_vegetation/20230724_birch24_m3m/BIRC/tile_08728.png,2
arctic_vegetation/20230724_birch24_m3m/BIRC/tile_08729.png,2
arctic_vegetation/20230724_birch24_m3m/BIRC/tile_08730.png,2
arctic_vegetation/20230724_birch24_m3m/BIRC/tile_08731.png,2
arctic_vegetation/20230724_birch24_m3m/BIRC/tile_08732.png,2
arctic_vegetation/20230724_birch24_m3m/BIRC/tile_08733.png,2
arctic_vegetation/20230724_birch24_m3m/BIRC/tile_08734.png,2
arctic_vegetation/20230724_birch24_m3m/BIRC/tile_08735.png,2
arctic_vegetation/20230724_birch24_m3m/BIRC/tile_08739.png,2
arctic_vegetation/20230724_birch24_m3m/BIRC/tile_08740.png,2
arctic_vegetation/20230724_birch24_m3m/BIRC/tile_08741.png,2
arctic_vegetation/20230724_birch24_m3m/BIRC/tile_08742.png,2
arctic_vegetation/20230724_birch24_m3m/BIRC/tile_08743.png,2
arctic_vegetation/20230724_birch24_m3m/BIRC/tile_08926.png,2
arctic_vegetation/20230724_birch24_m3m/BIRC/tile_08927.png,2
arctic_vegetation/20230724_birch24_m3m/BIRC/tile_08928.png,2
arctic_vegetation/20230724_birch24_m3m/BIRC/tile_08929.png,2
arctic_vegetation/20230724_birch24_m3m/BIRC/tile_08930.png,2
arctic_vegetation/20230724_birch24_m3m/BIRC/tile_08931.png,2
arctic_vegetation/20230724_birch24_m3m/BIRC/tile_08932.png,2
arctic_vegetation/20230724_birch24_m3m/BIRC/tile_08933.png,2
arctic_vegetation/20230724_birch24_m3m/BIRC/tile_08934.png,2
arctic_vegetation/20230724_birch24_m3m/BIRC/tile_08935.png,2
arctic_vegetation/20230724_birch24_m3m/BIRC/tile_08936.png,2
arctic_vegetation/20230724_birch24_m3m/BIRC/tile_08937.png,2
arctic_vegetation/20230724_birch24_m3m/BIRC/tile_08938.png,2
arctic_vegetation/20230724_birch24_m3m/BIRC/tile_08939.png,2
arctic_vegetation/20230724_birch24_m3m/BIRC/tile_08940.png,2
arctic_vegetation/20230724_birch24_m3m/BIRC/tile_08941.png,2
arctic_vegetation/20230724_birch24_m3m/BIRC/tile_08942.png,2
arctic_vegetation/20230724_birch24_m3m/BIRC/tile_08943.png,2
arctic_vegetation/20230724_birch24_m3m/BIRC/tile_08944.png,2
arctic_vegetation/20230724_birch24_m3m/BIRC/tile_08945.png,2
arctic_vegetation/20230724_birch24_m3m/BIRC/tile_08946.png,2
arctic_vegetation/20230724_birch24_m3m/BIRC/tile_08947.png,2
arctic_vegetation/20230724_birch24_m3m/BIRC/tile_08948.png,2
arctic_vegetation/20230724_birch24_m3m/BIRC/tile_08949.png,2
arctic_vegetation/20230724_birch24_m3m/BIRC/tile_08953.png,2
arctic_vegetation/20230724_birch24_m3m/BIRC/tile_08954.png,2
arctic_vegetation/20230724_birch24_m3m/BIRC/tile_08955.png,2
arctic_vegetation/20230724_birch24_m3m/BIRC/tile_08956.png,2
arctic_vegetation/20230724_birch24_m3m/BIRC/tile_08957.png,2
arctic_vegetation/20230724_birch24_m3m/BIRC/tile_09140.png,2
arctic_vegetation/20230724_birch24_m3m/BIRC/tile_09141.png,2
arctic_vegetation/20230724_birch24_m3m/BIRC/tile_09142.png,2
arctic_vegetation/20230724_birch24_m3m/BIRC/tile_09143.png,2
arctic_vegetation/20230724_birch24_m3m/BIRC/tile_09144.png,2
arctic_vegetation/20230724_birch24_m3m/BIRC/tile_09145.png,2
arctic_vegetation/20230724_birch24_m3m/BIRC/tile_09146.png,2
arctic_vegetation/20230724_birch24_m3m/BIRC/tile_09147.png,2
arctic_vegetation/20230724_birch24_m3m/BIRC/tile_09148.png,2
arctic_vegetation/20230724_birch24_m3m/BIRC/tile_09149.png,2
arctic_vegetation/20230724_birch24_m3m/BIRC/tile_09150.png,2
arctic_vegetation/20230724_birch24_m3m/BIRC/tile_09151.png,2
arctic_vegetation/20230724_birch24_m3m/BIRC/tile_09152.png,2
arctic_vegetation/20230724_birch24_m3m/BIRC/tile_09153.png,2
arctic_vegetation/20230724_birch24_m3m/BIRC/tile_09154.png,2
arctic_vegetation/20230724_birch24_m3m/BIRC/tile_09155.png,2
arctic_vegetation/20230724_birch24_m3m/BIRC/tile_09156.png,2
arctic_vegetation/20230724_birch24_m3m/BIRC/tile_09157.png,2
arctic_vegetation/20230724_birch24_m3m/BIRC/tile_09158.png,2
arctic_vegetation/20230724_birch24_m3m/BIRC/tile_09159.png,2
arctic_vegetation/20230724_birch24_m3m/BIRC/tile_09160.png,2
arctic_vegetation/20230724_birch24_m3m/BIRC/tile_09161.png,2
arctic_vegetation/20230724_birch24_m3m/BIRC/tile_09162.png,2
arctic_vegetation/20230724_birch24_m3m/BIRC/tile_09163.png,2
arctic_vegetation/20230724_birch24_m3m/BIRC/tile_09167.png,2
arctic_vegetation/20230724_birch24_m3m/BIRC/tile_09168.png,2
arctic_vegetation/20230724_birch24_m3m/BIRC/tile_09169.png,2
arctic_vegetation/20230724_birch24_m3m/BIRC/tile_09170.png,2
arctic_vegetation/20230724_birch24_m3m/BIRC/tile_09171.png,2
arctic_vegetation/20230724_birch24_m3m/BIRC/tile_09172.png,2
arctic_vegetation/20230724_birch24_m3m/BIRC/tile_09354.png,2
arctic_vegetation/20230724_birch24_m3m/BIRC/tile_09355.png,2
arctic_vegetation/20230724_birch24_m3m/BIRC/tile_09356.png,2
arctic_vegetation/20230724_birch24_m3m/BIRC/tile_09357.png,2
arctic_vegetation/20230724_birch24_m3m/BIRC/tile_09358.png,2
arctic_vegetation/20230724_birch24_m3m/BIRC/tile_09359.png,2
arctic_vegetation/20230724_birch24_m3m/BIRC/tile_09360.png,2
arctic_vegetation/20230724_birch24_m3m/BIRC/tile_09361.png,2
arctic_vegetation/20230724_birch24_m3m/BIRC/tile_09362.png,2
arctic_vegetation/20230724_birch24_m3m/BIRC/tile_09363.png,2
arctic_vegetation/20230724_birch24_m3m/BIRC/tile_09364.png,2
arctic_vegetation/20230724_birch24_m3m/BIRC/tile_09365.png,2
arctic_vegetation/20230724_birch24_m3m/BIRC/tile_09366.png,2
arctic_vegetation/20230724_birch24_m3m/BIRC/tile_09367.png,2
arctic_vegetation/20230724_birch24_m3m/BIRC/tile_09368.png,2
arctic_vegetation/20230724_birch24_m3m/BIRC/tile_09369.png,2
arctic_vegetation/20230724_birch24_m3m/BIRC/tile_09370.png,2
arctic_vegetation/20230724_birch24_m3m/BIRC/tile_09371.png,2
arctic_vegetation/20230724_birch24_m3m/BIRC/tile_09372.png,2
arctic_vegetation/20230724_birch24_m3m/BIRC/tile_09373.png,2
arctic_vegetation/20230724_birch24_m3m/BIRC/tile_09374.png,2
arctic_vegetation/20230724_birch24_m3m/BIRC/tile_09375.png,2
arctic_vegetation/20230724_birch24_m3m/BIRC/tile_09376.png,2
arctic_vegetation/20230724_birch24_m3m/BIRC/tile_09377.png,2
arctic_vegetation/20230724_birch24_m3m/BIRC/tile_09381.png,2
arctic_vegetation/20230724_birch24_m3m/BIRC/tile_09382.png,2
arctic_vegetation/20230724_birch24_m3m/BIRC/tile_09383.png,2
arctic_vegetation/20230724_birch24_m3m/BIRC/tile_09384.png,2
arctic_vegetation/20230724_birch24_m3m/BIRC/tile_09385.png,2
arctic_vegetation/20230724_birch24_m3m/BIRC/tile_09386.png,2
arctic_vegetation/20230724_birch24_m3m/BIRC/tile_09420.png,2
arctic_vegetation/20230724_birch24_m3m/BIRC/tile_09421.png,2
arctic_vegetation/20230724_birch24_m3m/BIRC/tile_09422.png,2
arctic_vegetation/20230724_birch24_m3m/BIRC/tile_09423.png,2
arctic_vegetation/20230724_birch24_m3m/BIRC/tile_09424.png,2
arctic_vegetation/20230724_birch24_m3m/BIRC/tile_09425.png,2
arctic_vegetation/20230724_birch24_m3m/BIRC/tile_09426.png,2
arctic_vegetation/20230724_birch24_m3m/BIRC/tile_09427.png,2
arctic_vegetation/20230724_birch24_m3m/BIRC/tile_09428.png,2
arctic_vegetation/20230724_birch24_m3m/BIRC/tile_09429.png,2
arctic_vegetation/20230724_birch24_m3m/BIRC/tile_09568.png,2
arctic_vegetation/20230724_birch24_m3m/BIRC/tile_09569.png,2
arctic_vegetation/20230724_birch24_m3m/BIRC/tile_09570.png,2
arctic_vegetation/20230724_birch24_m3m/BIRC/tile_09571.png,2
arctic_vegetation/20230724_birch24_m3m/BIRC/tile_09572.png,2
arctic_vegetation/20230724_birch24_m3m/BIRC/tile_09573.png,2
arctic_vegetation/20230724_birch24_m3m/BIRC/tile_09574.png,2
arctic_vegetation/20230724_birch24_m3m/BIRC/tile_09575.png,2
arctic_vegetation/20230724_birch24_m3m/BIRC/tile_09576.png,2
arctic_vegetation/20230724_birch24_m3m/BIRC/tile_09577.png,2
arctic_vegetation/20230724_birch24_m3m/BIRC/tile_09578.png,2
arctic_vegetation/20230724_birch24_m3m/BIRC/tile_09579.png,2
arctic_vegetation/20230724_birch24_m3m/BIRC/tile_09580.png,2
arctic_vegetation/20230724_birch24_m3m/BIRC/tile_09581.png,2
arctic_vegetation/20230724_birch24_m3m/BIRC/tile_09582.png,2
arctic_vegetation/20230724_birch24_m3m/BIRC/tile_09583.png,2
arctic_vegetation/20230724_birch24_m3m/BIRC/tile_09584.png,2
arctic_vegetation/20230724_birch24_m3m/BIRC/tile_09585.png,2
arctic_vegetation/20230724_birch24_m3m/BIRC/tile_09586.png,2
arctic_vegetation/20230724_birch24_m3m/BIRC/tile_09587.png,2
arctic_vegetation/20230724_birch24_m3m/BIRC/tile_09588.png,2
arctic_vegetation/20230724_birch24_m3m/BIRC/tile_09589.png,2
arctic_vegetation/20230724_birch24_m3m/BIRC/tile_09590.png,2
arctic_vegetation/20230724_birch24_m3m/BIRC/tile_09595.png,2
arctic_vegetation/20230724_birch24_m3m/BIRC/tile_09596.png,2
arctic_vegetation/20230724_birch24_m3m/BIRC/tile_09597.png,2
arctic_vegetation/20230724_birch24_m3m/BIRC/tile_09598.png,2
arctic_vegetation/20230724_birch24_m3m/BIRC/tile_09599.png,2
arctic_vegetation/20230724_birch24_m3m/BIRC/tile_09600.png,2
arctic_vegetation/20230724_birch24_m3m/BIRC/tile_09634.png,2
arctic_vegetation/20230724_birch24_m3m/BIRC/tile_09635.png,2
arctic_vegetation/20230724_birch24_m3m/BIRC/tile_09636.png,2
arctic_vegetation/20230724_birch24_m3m/BIRC/tile_09637.png,2
arctic_vegetation/20230724_birch24_m3m/BIRC/tile_09638.png,2
arctic_vegetation/20230724_birch24_m3m/BIRC/tile_09639.png,2
arctic_vegetation/20230724_birch24_m3m/BIRC/tile_09640.png,2
arctic_vegetation/20230724_birch24_m3m/BIRC/tile_09641.png,2
arctic_vegetation/20230724_birch24_m3m/BIRC/tile_09642.png,2
arctic_vegetation/20230724_birch24_m3m/BIRC/tile_09643.png,2
arctic_vegetation/20230724_birch24_m3m/BIRC/tile_09782.png,2
arctic_vegetation/20230724_birch24_m3m/BIRC/tile_09783.png,2
arctic_vegetation/20230724_birch24_m3m/BIRC/tile_09784.png,2
arctic_vegetation/20230724_birch24_m3m/BIRC/tile_09785.png,2
arctic_vegetation/20230724_birch24_m3m/PETF/tile_09786.png,6
arctic_vegetation/20230724_birch24_m3m/BIRC/tile_09787.png,2
arctic_vegetation/20230724_birch24_m3m/BIRC/tile_09788.png,2
arctic_vegetation/20230724_birch24_m3m/BIRC/tile_09789.png,2
arctic_vegetation/20230724_birch24_m3m/BIRC/tile_09790.png,2
arctic_vegetation/20230724_birch24_m3m/BIRC/tile_09791.png,2
arctic_vegetation/20230724_birch24_m3m/BIRC/tile_09792.png,2
arctic_vegetation/20230724_birch24_m3m/BIRC/tile_09793.png,2
arctic_vegetation/20230724_birch24_m3m/BIRC/tile_09794.png,2
arctic_vegetation/20230724_birch24_m3m/BIRC/tile_09795.png,2
arctic_vegetation/20230724_birch24_m3m/BIRC/tile_09796.png,2
arctic_vegetation/20230724_birch24_m3m/BIRC/tile_09797.png,2
arctic_vegetation/20230724_birch24_m3m/BIRC/tile_09798.png,2
arctic_vegetation/20230724_birch24_m3m/BIRC/tile_09799.png,2
arctic_vegetation/20230724_birch24_m3m/BIRC/tile_09800.png,2
arctic_vegetation/20230724_birch24_m3m/BIRC/tile_09801.png,2
arctic_vegetation/20230724_birch24_m3m/BIRC/tile_09802.png,2
arctic_vegetation/20230724_birch24_m3m/BIRC/tile_09803.png,2
arctic_vegetation/20230724_birch24_m3m/BIRC/tile_09804.png,2
arctic_vegetation/20230724_birch24_m3m/BIRC/tile_09848.png,2
arctic_vegetation/20230724_birch24_m3m/BIRC/tile_09849.png,2
arctic_vegetation/20230724_birch24_m3m/BIRC/tile_09850.png,2
arctic_vegetation/20230724_birch24_m3m/BIRC/tile_09851.png,2
arctic_vegetation/20230724_birch24_m3m/BIRC/tile_09852.png,2
arctic_vegetation/20230724_birch24_m3m/BIRC/tile_09853.png,2
arctic_vegetation/20230724_birch24_m3m/BIRC/tile_09854.png,2
arctic_vegetation/20230724_birch24_m3m/WILL/tile_09855.png,11
arctic_vegetation/20230724_birch24_m3m/WILL/tile_09856.png,11
arctic_vegetation/20230724_birch24_m3m/WILL/tile_09857.png,11
arctic_vegetation/20230724_birch24_m3m/BIRC/tile_09996.png,2
arctic_vegetation/20230724_birch24_m3m/BIRC/tile_09997.png,2
arctic_vegetation/20230724_birch24_m3m/BIRC/tile_09998.png,2
arctic_vegetation/20230724_birch24_m3m/BIRC/tile_09999.png,2
arctic_vegetation/20230724_birch24_m3m/BIRC/tile_10000.png,2
arctic_vegetation/20230724_birch24_m3m/BIRC/tile_10001.png,2
arctic_vegetation/20230724_birch24_m3m/BIRC/tile_10002.png,2
arctic_vegetation/20230724_birch24_m3m/BIRC/tile_10003.png,2
arctic_vegetation/20230724_birch24_m3m/BIRC/tile_10004.png,2
arctic_vegetation/20230724_birch24_m3m/BIRC/tile_10005.png,2
arctic_vegetation/20230724_birch24_m3m/BIRC/tile_10006.png,2
arctic_vegetation/20230724_birch24_m3m/BIRC/tile_10007.png,2
arctic_vegetation/20230724_birch24_m3m/BIRC/tile_10008.png,2
arctic_vegetation/20230724_birch24_m3m/BIRC/tile_10009.png,2
arctic_vegetation/20230724_birch24_m3m/BIRC/tile_10010.png,2
arctic_vegetation/20230724_birch24_m3m/BIRC/tile_10011.png,2
arctic_vegetation/20230724_birch24_m3m/BIRC/tile_10012.png,2
arctic_vegetation/20230724_birch24_m3m/BIRC/tile_10013.png,2
arctic_vegetation/20230724_birch24_m3m/BIRC/tile_10014.png,2
arctic_vegetation/20230724_birch24_m3m/BIRC/tile_10015.png,2
arctic_vegetation/20230724_birch24_m3m/BIRC/tile_10016.png,2
arctic_vegetation/20230724_birch24_m3m/BIRC/tile_10017.png,2
arctic_vegetation/20230724_birch24_m3m/BIRC/tile_10018.png,2
arctic_vegetation/20230724_birch24_m3m/BIRC/tile_10062.png,2
arctic_vegetation/20230724_birch24_m3m/BIRC/tile_10063.png,2
arctic_vegetation/20230724_birch24_m3m/BIRC/tile_10064.png,2
arctic_vegetation/20230724_birch24_m3m/BIRC/tile_10065.png,2
arctic_vegetation/20230724_birch24_m3m/BIRC/tile_10066.png,2
arctic_vegetation/20230724_birch24_m3m/BIRC/tile_10067.png,2
arctic_vegetation/20230724_birch24_m3m/BIRC/tile_10068.png,2
arctic_vegetation/20230724_birch24_m3m/BIRC/tile_10069.png,2
arctic_vegetation/20230724_birch24_m3m/BIRC/tile_10070.png,2
arctic_vegetation/20230724_birch24_m3m/BIRC/tile_10071.png,2
arctic_vegetation/20230724_birch24_m3m/BIRC/tile_10210.png,2
arctic_vegetation/20230724_birch24_m3m/BIRC/tile_10211.png,2
arctic_vegetation/20230724_birch24_m3m/BIRC/tile_10212.png,2
arctic_vegetation/20230724_birch24_m3m/BIRC/tile_10213.png,2
arctic_vegetation/20230724_birch24_m3m/BIRC/tile_10214.png,2
arctic_vegetation/20230724_birch24_m3m/BIRC/tile_10215.png,2
arctic_vegetation/20230724_birch24_m3m/BIRC/tile_10216.png,2
arctic_vegetation/20230724_birch24_m3m/BIRC/tile_10217.png,2
arctic_vegetation/20230724_birch24_m3m/BIRC/tile_10218.png,2
arctic_vegetation/20230724_birch24_m3m/BIRC/tile_10219.png,2
arctic_vegetation/20230724_birch24_m3m/BIRC/tile_10220.png,2
arctic_vegetation/20230724_birch24_m3m/BIRC/tile_10221.png,2
arctic_vegetation/20230724_birch24_m3m/BIRC/tile_10222.png,2
arctic_vegetation/20230724_birch24_m3m/BIRC/tile_10223.png,2
arctic_vegetation/20230724_birch24_m3m/BIRC/tile_10224.png,2
arctic_vegetation/20230724_birch24_m3m/WILL/tile_10225.png,11
arctic_vegetation/20230724_birch24_m3m/WILL/tile_10226.png,11
arctic_vegetation/20230724_birch24_m3m/WILL/tile_10227.png,11
arctic_vegetation/20230724_birch24_m3m/BIRC/tile_10228.png,2
arctic_vegetation/20230724_birch24_m3m/BIRC/tile_10229.png,2
arctic_vegetation/20230724_birch24_m3m/BIRC/tile_10230.png,2
arctic_vegetation/20230724_birch24_m3m/BIRC/tile_10231.png,2
arctic_vegetation/20230724_birch24_m3m/BIRC/tile_10232.png,2
arctic_vegetation/20230724_birch24_m3m/BIRC/tile_10276.png,2
arctic_vegetation/20230724_birch24_m3m/BIRC/tile_10277.png,2
arctic_vegetation/20230724_birch24_m3m/BIRC/tile_10278.png,2
arctic_vegetation/20230724_birch24_m3m/WILL/tile_10279.png,11
arctic_vegetation/20230724_birch24_m3m/BIRC/tile_10280.png,2
arctic_vegetation/20230724_birch24_m3m/BIRC/tile_10281.png,2
arctic_vegetation/20230724_birch24_m3m/BIRC/tile_10282.png,2
arctic_vegetation/20230724_birch24_m3m/BIRC/tile_10283.png,2
arctic_vegetation/20230724_birch24_m3m/BIRC/tile_10284.png,2
arctic_vegetation/20230724_birch24_m3m/BIRC/tile_10285.png,2
arctic_vegetation/20230724_birch24_m3m/BIRC/tile_10424.png,2
arctic_vegetation/20230724_birch24_m3m/BIRC/tile_10425.png,2
arctic_vegetation/20230724_birch24_m3m/BIRC/tile_10426.png,2
arctic_vegetation/20230724_birch24_m3m/BIRC/tile_10427.png,2
arctic_vegetation/20230724_birch24_m3m/BIRC/tile_10428.png,2
arctic_vegetation/20230724_birch24_m3m/BIRC/tile_10429.png,2
arctic_vegetation/20230724_birch24_m3m/BIRC/tile_10430.png,2
arctic_vegetation/20230724_birch24_m3m/BIRC/tile_10431.png,2
arctic_vegetation/20230724_birch24_m3m/BIRC/tile_10432.png,2
arctic_vegetation/20230724_birch24_m3m/BIRC/tile_10433.png,2
arctic_vegetation/20230724_birch24_m3m/BIRC/tile_10434.png,2
arctic_vegetation/20230724_birch24_m3m/BIRC/tile_10435.png,2
arctic_vegetation/20230724_birch24_m3m/BIRC/tile_10436.png,2
arctic_vegetation/20230724_birch24_m3m/BIRC/tile_10437.png,2
arctic_vegetation/20230724_birch24_m3m/BIRC/tile_10438.png,2
arctic_vegetation/20230724_birch24_m3m/WILL/tile_10439.png,11
arctic_vegetation/20230724_birch24_m3m/WILL/tile_10440.png,11
arctic_vegetation/20230724_birch24_m3m/WILL/tile_10441.png,11
arctic_vegetation/20230724_birch24_m3m/BIRC/tile_10442.png,2
arctic_vegetation/20230724_birch24_m3m/BIRC/tile_10443.png,2
arctic_vegetation/20230724_birch24_m3m/BIRC/tile_10444.png,2
arctic_vegetation/20230724_birch24_m3m/BIRC/tile_10445.png,2
arctic_vegetation/20230724_birch24_m3m/PETF/tile_10449.png,6
arctic_vegetation/20230724_birch24_m3m/PETF/tile_10450.png,6
arctic_vegetation/20230724_birch24_m3m/BIRC/tile_10490.png,2
arctic_vegetation/20230724_birch24_m3m/BIRC/tile_10491.png,2
arctic_vegetation/20230724_birch24_m3m/BIRC/tile_10492.png,2
arctic_vegetation/20230724_birch24_m3m/WILL/tile_10493.png,11
arctic_vegetation/20230724_birch24_m3m/BIRC/tile_10494.png,2
arctic_vegetation/20230724_birch24_m3m/BIRC/tile_10495.png,2
arctic_vegetation/20230724_birch24_m3m/BIRC/tile_10496.png,2
arctic_vegetation/20230724_birch24_m3m/BIRC/tile_10497.png,2
arctic_vegetation/20230724_birch24_m3m/BIRC/tile_10498.png,2
arctic_vegetation/20230724_birch24_m3m/BIRC/tile_10499.png,2
arctic_vegetation/20230724_birch24_m3m/BIRC/tile_10638.png,2
arctic_vegetation/20230724_birch24_m3m/BIRC/tile_10639.png,2
arctic_vegetation/20230724_birch24_m3m/BIRC/tile_10640.png,2
arctic_vegetation/20230724_birch24_m3m/BIRC/tile_10641.png,2
arctic_vegetation/20230724_birch24_m3m/BIRC/tile_10642.png,2
arctic_vegetation/20230724_birch24_m3m/BIRC/tile_10643.png,2
arctic_vegetation/20230724_birch24_m3m/BIRC/tile_10644.png,2
arctic_vegetation/20230724_birch24_m3m/BIRC/tile_10645.png,2
arctic_vegetation/20230724_birch24_m3m/WILL/tile_10646.png,11
arctic_vegetation/20230724_birch24_m3m/BIRC/tile_10647.png,2
arctic_vegetation/20230724_birch24_m3m/BIRC/tile_10648.png,2
arctic_vegetation/20230724_birch24_m3m/BIRC/tile_10649.png,2
arctic_vegetation/20230724_birch24_m3m/BIRC/tile_10650.png,2
arctic_vegetation/20230724_birch24_m3m/BIRC/tile_10651.png,2
arctic_vegetation/20230724_birch24_m3m/BIRC/tile_10652.png,2
arctic_vegetation/20230724_birch24_m3m/BIRC/tile_10653.png,2
arctic_vegetation/20230724_birch24_m3m/BIRC/tile_10654.png,2
arctic_vegetation/20230724_birch24_m3m/BIRC/tile_10655.png,2
arctic_vegetation/20230724_birch24_m3m/BIRC/tile_10656.png,2
arctic_vegetation/20230724_birch24_m3m/BIRC/tile_10657.png,2
arctic_vegetation/20230724_birch24_m3m/BIRC/tile_10658.png,2
arctic_vegetation/20230724_birch24_m3m/BIRC/tile_10659.png,2
arctic_vegetation/20230724_birch24_m3m/PETF/tile_10660.png,6
arctic_vegetation/20230724_birch24_m3m/PETF/tile_10663.png,6
arctic_vegetation/20230724_birch24_m3m/PETF/tile_10664.png,6
arctic_vegetation/20230724_birch24_m3m/BIRC/tile_10704.png,2
arctic_vegetation/20230724_birch24_m3m/BIRC/tile_10705.png,2
arctic_vegetation/20230724_birch24_m3m/WILL/tile_10706.png,11
arctic_vegetation/20230724_birch24_m3m/WILL/tile_10707.png,11
arctic_vegetation/20230724_birch24_m3m/BIRC/tile_10708.png,2
arctic_vegetation/20230724_birch24_m3m/BIRC/tile_10709.png,2
arctic_vegetation/20230724_birch24_m3m/BIRC/tile_10710.png,2
arctic_vegetation/20230724_birch24_m3m/BIRC/tile_10711.png,2
arctic_vegetation/20230724_birch24_m3m/BIRC/tile_10712.png,2
arctic_vegetation/20230724_birch24_m3m/BIRC/tile_10713.png,2
arctic_vegetation/20230724_birch24_m3m/BIRC/tile_10853.png,2
arctic_vegetation/20230724_birch24_m3m/BIRC/tile_10854.png,2
arctic_vegetation/20230724_birch24_m3m/BIRC/tile_10855.png,2
arctic_vegetation/20230724_birch24_m3m/BIRC/tile_10856.png,2
arctic_vegetation/20230724_birch24_m3m/BIRC/tile_10857.png,2
arctic_vegetation/20230724_birch24_m3m/BIRC/tile_10858.png,2
arctic_vegetation/20230724_birch24_m3m/BIRC/tile_10859.png,2
arctic_vegetation/20230724_birch24_m3m/BIRC/tile_10860.png,2
arctic_vegetation/20230724_birch24_m3m/BIRC/tile_10861.png,2
arctic_vegetation/20230724_birch24_m3m/BIRC/tile_10862.png,2
arctic_vegetation/20230724_birch24_m3m/BIRC/tile_10863.png,2
arctic_vegetation/20230724_birch24_m3m/WILL/tile_10864.png,11
arctic_vegetation/20230724_birch24_m3m/BIRC/tile_10865.png,2
arctic_vegetation/20230724_birch24_m3m/BIRC/tile_10866.png,2
arctic_vegetation/20230724_birch24_m3m/BIRC/tile_10867.png,2
arctic_vegetation/20230724_birch24_m3m/BIRC/tile_10868.png,2
arctic_vegetation/20230724_birch24_m3m/BIRC/tile_10869.png,2
arctic_vegetation/20230724_birch24_m3m/BIRC/tile_10870.png,2
arctic_vegetation/20230724_birch24_m3m/BIRC/tile_10871.png,2
arctic_vegetation/20230724_birch24_m3m/BIRC/tile_10872.png,2
arctic_vegetation/20230724_birch24_m3m/BIRC/tile_10873.png,2
arctic_vegetation/20230724_birch24_m3m/PETF/tile_10874.png,6
arctic_vegetation/20230724_birch24_m3m/PETF/tile_10875.png,6
arctic_vegetation/20230724_birch24_m3m/BIRC/tile_10918.png,2
arctic_vegetation/20230724_birch24_m3m/BIRC/tile_10919.png,2
arctic_vegetation/20230724_birch24_m3m/BIRC/tile_10920.png,2
arctic_vegetation/20230724_birch24_m3m/WILL/tile_10921.png,11
arctic_vegetation/20230724_birch24_m3m/BIRC/tile_10922.png,2
arctic_vegetation/20230724_birch24_m3m/BIRC/tile_10923.png,2
arctic_vegetation/20230724_birch24_m3m/BIRC/tile_10924.png,2
arctic_vegetation/20230724_birch24_m3m/BIRC/tile_10925.png,2
arctic_vegetation/20230724_birch24_m3m/BIRC/tile_10926.png,2
arctic_vegetation/20230724_birch24_m3m/BIRC/tile_10927.png,2
arctic_vegetation/20230724_birch24_m3m/BIRC/tile_11067.png,2
arctic_vegetation/20230724_birch24_m3m/BIRC/tile_11068.png,2
arctic_vegetation/20230724_birch24_m3m/BIRC/tile_11069.png,2
arctic_vegetation/20230724_birch24_m3m/BIRC/tile_11070.png,2
arctic_vegetation/20230724_birch24_m3m/BIRC/tile_11071.png,2
arctic_vegetation/20230724_birch24_m3m/BIRC/tile_11072.png,2
arctic_vegetation/20230724_birch24_m3m/BIRC/tile_11073.png,2
arctic_vegetation/20230724_birch24_m3m/BIRC/tile_11074.png,2
arctic_vegetation/20230724_birch24_m3m/BIRC/tile_11075.png,2
arctic_vegetation/20230724_birch24_m3m/BIRC/tile_11076.png,2
arctic_vegetation/20230724_birch24_m3m/BIRC/tile_11077.png,2
arctic_vegetation/20230724_birch24_m3m/BIRC/tile_11078.png,2
arctic_vegetation/20230724_birch24_m3m/BIRC/tile_11079.png,2
arctic_vegetation/20230724_birch24_m3m/BIRC/tile_11080.png,2
arctic_vegetation/20230724_birch24_m3m/BIRC/tile_11081.png,2
arctic_vegetation/20230724_birch24_m3m/BIRC/tile_11082.png,2
arctic_vegetation/20230724_birch24_m3m/BIRC/tile_11083.png,2
arctic_vegetation/20230724_birch24_m3m/BIRC/tile_11084.png,2
arctic_vegetation/20230724_birch24_m3m/BIRC/tile_11085.png,2
arctic_vegetation/20230724_birch24_m3m/BIRC/tile_11086.png,2
arctic_vegetation/20230724_birch24_m3m/BIRC/tile_11087.png,2
arctic_vegetation/20230724_birch24_m3m/BIRC/tile_11088.png,2
arctic_vegetation/20230724_birch24_m3m/PETF/tile_11089.png,6
arctic_vegetation/20230724_birch24_m3m/PETF/tile_11135.png,6
arctic_vegetation/20230724_birch24_m3m/PETF/tile_11136.png,6
arctic_vegetation/20230724_birch24_m3m/BIRC/tile_11279.png,2
arctic_vegetation/20230724_birch24_m3m/BIRC/tile_11280.png,2
arctic_vegetation/20230724_birch24_m3m/BIRC/tile_11281.png,2
arctic_vegetation/20230724_birch24_m3m/BIRC/tile_11282.png,2
arctic_vegetation/20230724_birch24_m3m/BIRC/tile_11283.png,2
arctic_vegetation/20230724_birch24_m3m/BIRC/tile_11284.png,2
arctic_vegetation/20230724_birch24_m3m/BIRC/tile_11285.png,2
arctic_vegetation/20230724_birch24_m3m/BIRC/tile_11286.png,2
arctic_vegetation/20230724_birch24_m3m/BIRC/tile_11287.png,2
arctic_vegetation/20230724_birch24_m3m/BIRC/tile_11288.png,2
arctic_vegetation/20230724_birch24_m3m/BIRC/tile_11289.png,2
arctic_vegetation/20230724_birch24_m3m/BIRC/tile_11290.png,2
arctic_vegetation/20230724_birch24_m3m/BIRC/tile_11291.png,2
arctic_vegetation/20230724_birch24_m3m/BIRC/tile_11292.png,2
arctic_vegetation/20230724_birch24_m3m/BIRC/tile_11293.png,2
arctic_vegetation/20230724_birch24_m3m/BIRC/tile_11294.png,2
arctic_vegetation/20230724_birch24_m3m/BIRC/tile_11295.png,2
arctic_vegetation/20230724_birch24_m3m/BIRC/tile_11296.png,2
arctic_vegetation/20230724_birch24_m3m/BIRC/tile_11297.png,2
arctic_vegetation/20230724_birch24_m3m/BIRC/tile_11298.png,2
arctic_vegetation/20230724_birch24_m3m/BIRC/tile_11299.png,2
arctic_vegetation/20230724_birch24_m3m/BIRC/tile_11300.png,2
arctic_vegetation/20230724_birch24_m3m/BIRC/tile_11301.png,2
arctic_vegetation/20230724_birch24_m3m/BIRC/tile_11302.png,2
arctic_vegetation/20230724_birch24_m3m/BIRC/tile_11493.png,2
arctic_vegetation/20230724_birch24_m3m/BIRC/tile_11494.png,2
arctic_vegetation/20230724_birch24_m3m/BIRC/tile_11495.png,2
arctic_vegetation/20230724_birch24_m3m/BIRC/tile_11496.png,2
arctic_vegetation/20230724_birch24_m3m/BIRC/tile_11497.png,2
arctic_vegetation/20230724_birch24_m3m/BIRC/tile_11498.png,2
arctic_vegetation/20230724_birch24_m3m/BIRC/tile_11499.png,2
arctic_vegetation/20230724_birch24_m3m/BIRC/tile_11501.png,2
arctic_vegetation/20230724_birch24_m3m/BIRC/tile_11502.png,2
arctic_vegetation/20230724_birch24_m3m/BIRC/tile_11503.png,2
arctic_vegetation/20230724_birch24_m3m/BIRC/tile_11504.png,2
arctic_vegetation/20230724_birch24_m3m/BIRC/tile_11505.png,2
arctic_vegetation/20230724_birch24_m3m/BIRC/tile_11506.png,2
arctic_vegetation/20230724_birch24_m3m/BIRC/tile_11507.png,2
arctic_vegetation/20230724_birch24_m3m/BIRC/tile_11508.png,2
arctic_vegetation/20230724_birch24_m3m/BIRC/tile_11509.png,2
arctic_vegetation/20230724_birch24_m3m/BIRC/tile_11510.png,2
arctic_vegetation/20230724_birch24_m3m/BIRC/tile_11511.png,2
arctic_vegetation/20230724_birch24_m3m/BIRC/tile_11512.png,2
arctic_vegetation/20230724_birch24_m3m/BIRC/tile_11513.png,2
arctic_vegetation/20230724_birch24_m3m/BIRC/tile_11514.png,2
arctic_vegetation/20230724_birch24_m3m/BIRC/tile_11515.png,2
arctic_vegetation/20230724_birch24_m3m/BIRC/tile_11516.png,2
arctic_vegetation/20230724_birch24_m3m/BIRC/tile_11708.png,2
arctic_vegetation/20230724_birch24_m3m/BIRC/tile_11709.png,2
arctic_vegetation/20230724_birch24_m3m/BIRC/tile_11710.png,2
arctic_vegetation/20230724_birch24_m3m/BIRC/tile_11711.png,2
arctic_vegetation/20230724_birch24_m3m/BIRC/tile_11712.png,2
arctic_vegetation/20230724_birch24_m3m/BIRC/tile_11713.png,2
arctic_vegetation/20230724_birch24_m3m/BIRC/tile_11714.png,2
arctic_vegetation/20230724_birch24_m3m/BIRC/tile_11715.png,2
arctic_vegetation/20230724_birch24_m3m/BIRC/tile_11716.png,2
arctic_vegetation/20230724_birch24_m3m/BIRC/tile_11717.png,2
arctic_vegetation/20230724_birch24_m3m/BIRC/tile_11718.png,2
arctic_vegetation/20230724_birch24_m3m/BIRC/tile_11719.png,2
arctic_vegetation/20230724_birch24_m3m/BIRC/tile_11720.png,2
arctic_vegetation/20230724_birch24_m3m/BIRC/tile_11721.png,2
arctic_vegetation/20230724_birch24_m3m/BIRC/tile_11722.png,2
arctic_vegetation/20230724_birch24_m3m/BIRC/tile_11723.png,2
arctic_vegetation/20230724_birch24_m3m/BIRC/tile_11724.png,2
arctic_vegetation/20230724_birch24_m3m/BIRC/tile_11725.png,2
arctic_vegetation/20230724_birch24_m3m/BIRC/tile_11726.png,2
arctic_vegetation/20230724_birch24_m3m/BIRC/tile_11727.png,2
arctic_vegetation/20230724_birch24_m3m/BIRC/tile_11728.png,2
arctic_vegetation/20230724_birch24_m3m/BIRC/tile_11729.png,2
arctic_vegetation/20230724_birch24_m3m/BIRC/tile_11730.png,2
arctic_vegetation/20230724_birch24_m3m/BIRC/tile_11922.png,2
arctic_vegetation/20230724_birch24_m3m/BIRC/tile_11923.png,2
arctic_vegetation/20230724_birch24_m3m/BIRC/tile_11924.png,2
arctic_vegetation/20230724_birch24_m3m/BIRC/tile_11925.png,2
arctic_vegetation/20230724_birch24_m3m/BIRC/tile_11926.png,2
arctic_vegetation/20230724_birch24_m3m/BIRC/tile_11927.png,2
arctic_vegetation/20230724_birch24_m3m/BIRC/tile_11928.png,2
