group,head,f1_mean,f1_std,delta_vs_lin_adamw,best
"Contexte R1 (A, tuile)",lin_lbfgs,0.487,0.0,,"[0.001, 0.001, 0.001]"
"Contexte R1 (A, tuile)",lin_adamw,0.4775,0.0014,,"(0, 0.0, 0.0)"
"Contexte R1 (A, tuile)",mlp2,0.4806,0.0061,0.003,"(512, 0.5, 0.0001)"
"Contexte R2 (B, fusion)",lin_lbfgs,0.5079,0.0,,"[0.0001, 0.0001, 0.0001]"
"Contexte R2 (B, fusion)",lin_adamw,0.4949,0.0034,,"(0, 0.0, 0.0)"
"Contexte R2 (B, fusion)",mlp2,0.4991,0.0037,0.0043,"(256, 0.5, 0.0001)"
"Contexte R3 (A, EMA)",lin_lbfgs,0.4836,0.0,,"[0.001, 0.001, 0.001]"
"Contexte R3 (A, EMA)",lin_adamw,0.4732,0.0068,,"(0, 0.0, 0.0)"
"Contexte R3 (A, EMA)",mlp2,0.4724,0.0017,-0.0008,"(512, 0.5, 0.0001)"
DINOv3-B Full,lin_lbfgs,0.4789,0.0,,"[0.001, 0.001, 0.0001]"
DINOv3-B Full,lin_adamw,0.4707,0.0035,,"(0, 0.0, 0.0)"
DINOv3-B Full,mlp2,0.4728,0.0015,0.0022,"(256, 0.5, 0.0001)"
DINOv3-B LoRA r=8,lin_lbfgs,0.4829,0.0,,"[0.001, 0.001, 0.001]"
DINOv3-B LoRA r=8,lin_adamw,0.4779,0.0032,,"(0, 0.0, 0.0)"
DINOv3-B LoRA r=8,mlp2,0.4779,0.0022,-0.0,"(256, 0.5, 0.0)"
DINOv3-B MHSA,lin_lbfgs,0.4791,0.0,,"[0.0001, 0.0001, 0.001]"
DINOv3-B MHSA,lin_adamw,0.4757,0.0015,,"(0, 0.0, 0.0)"
DINOv3-B MHSA,mlp2,0.4757,0.0033,-0.0,"(256, 0.5, 0.0001)"
DINOv3-L LoRA r=8,lin_lbfgs,0.4842,0.0,,"[0.0001, 0.0001, 0.0001]"
DINOv3-L LoRA r=8,lin_adamw,0.4727,0.0034,,"(0, 0.0, 0.0)"
DINOv3-L LoRA r=8,mlp2,0.4734,0.0036,0.0006,"(512, 0.2, 0.0)"
DINOv3 ViT-B16,lin_lbfgs,0.4713,0.0,,[0.001]
DINOv3 ViT-B16,lin_adamw,0.4591,0.0,,"(0, 0.0, 0.0)"
DINOv3 ViT-B16,mlp2,0.4693,0.0,0.0102,"(256, 0.5, 0.0)"
DINOv3 ViT-H+16,lin_lbfgs,0.4805,0.0,,[0.001]
DINOv3 ViT-H+16,lin_adamw,0.4691,0.0,,"(0, 0.0, 0.0)"
DINOv3 ViT-H+16,mlp2,0.4717,0.0,0.0025,"(256, 0.5, 0.0001)"
DINOv3 ViT-L16,lin_lbfgs,0.4791,0.0,,[0.001]
DINOv3 ViT-L16,lin_adamw,0.4653,0.0,,"(0, 0.0, 0.0)"
DINOv3 ViT-L16,mlp2,0.4663,0.0,0.001,"(256, 0.5, 0.0001)"
DINOv3 ViT-S/16,lin_lbfgs,0.469,0.0,,[0.01]
DINOv3 ViT-S/16,lin_adamw,0.4663,0.0,,"(0, 0.0, 0.0)"
DINOv3 ViT-S/16,mlp2,0.4664,0.0,0.0001,"(256, 0.5, 0.0)"
DINOv3 ViT-S/16 LoRA r=8,lin_lbfgs,0.4774,0.0,,"[0.001, 0.001, 0.001]"
DINOv3 ViT-S/16 LoRA r=8,lin_adamw,0.4692,0.0039,,"(0, 0.0, 0.0)"
DINOv3 ViT-S/16 LoRA r=8,mlp2,0.4668,0.001,-0.0025,"(512, 0.5, 0.0001)"
SimDINOv2-B Full,lin_lbfgs,0.4782,0.0,,"[0.0001, 0.0001, 0.0001]"
SimDINOv2-B Full,lin_adamw,0.4658,0.0037,,"(0, 0.0, 0.0)"
SimDINOv2-B Full,mlp2,0.4722,0.0033,0.0063,"(256, 0.5, 0.0)"
SimDINOv2-B LoRA r16,lin_lbfgs,0.4769,0.0,,"[0.001, 0.001, 0.001]"
SimDINOv2-B LoRA r16,lin_adamw,0.4674,0.003,,"(0, 0.0, 0.0)"
SimDINOv2-B LoRA r16,mlp2,0.4601,0.0063,-0.0073,"(512, 0.5, 0.0001)"
SimDINOv2-B LoRA r16 (rsLoRA),lin_lbfgs,0.4736,0.0,,"[0.001, 0.001, 0.001]"
SimDINOv2-B LoRA r16 (rsLoRA),lin_adamw,0.4664,0.0021,,"(0, 0.0, 0.0)"
SimDINOv2-B LoRA r16 (rsLoRA),mlp2,0.4615,0.004,-0.0049,"(512, 0.5, 0.0)"
SimDINOv2-B LoRA r16 (scaling 2),lin_lbfgs,0.475,0.0,,"[0.001, 0.001, 0.001]"
SimDINOv2-B LoRA r16 (scaling 2),lin_adamw,0.4673,0.0064,,"(0, 0.0, 0.0)"
SimDINOv2-B LoRA r16 (scaling 2),mlp2,0.4631,0.007,-0.0042,"(256, 0.5, 0.0001)"
SimDINOv2-B LoRA r2,lin_lbfgs,0.4794,0.0,,"[0.001, 0.001, 0.001]"
SimDINOv2-B LoRA r2,lin_adamw,0.4688,0.0057,,"(0, 0.0, 0.0)"
SimDINOv2-B LoRA r2,mlp2,0.4664,0.0012,-0.0024,"(512, 0.5, 0.0)"
SimDINOv2-B LoRA r32,lin_lbfgs,0.4751,0.0,,"[0.001, 0.001, 0.001]"
SimDINOv2-B LoRA r32,lin_adamw,0.4653,0.0028,,"(0, 0.0, 0.0)"
SimDINOv2-B LoRA r32,mlp2,0.4681,0.0069,0.0028,"(256, 0.5, 0.0001)"
SimDINOv2-B LoRA r4,lin_lbfgs,0.4785,0.0,,"[0.001, 0.001, 0.001]"
SimDINOv2-B LoRA r4,lin_adamw,0.4718,0.0032,,"(0, 0.0, 0.0)"
SimDINOv2-B LoRA r4,mlp2,0.4569,0.0117,-0.0149,"(512, 0.5, 0.0001)"
SimDINOv2-B LoRA r8 (blocs 0-5),lin_lbfgs,0.4771,0.0,,"[0.001, 0.001, 0.001]"
SimDINOv2-B LoRA r8 (blocs 0-5),lin_adamw,0.465,0.0094,,"(0, 0.0, 0.0)"
SimDINOv2-B LoRA r8 (blocs 0-5),mlp2,0.4633,0.0052,-0.0016,"(512, 0.5, 0.0001)"
SimDINOv2-B LoRA r8 (blocs 6-11),lin_lbfgs,0.4802,0.0,,"[0.001, 0.001, 0.001]"
SimDINOv2-B LoRA r8 (blocs 6-11),lin_adamw,0.4707,0.0011,,"(0, 0.0, 0.0)"
SimDINOv2-B LoRA r8 (blocs 6-11),mlp2,0.4618,0.008,-0.0088,"(512, 0.5, 0.0001)"
SimDINOv2-B LoRA r8 (blocs 9-11),lin_lbfgs,0.4805,0.0,,"[0.001, 0.001, 0.001]"
SimDINOv2-B LoRA r8 (blocs 9-11),lin_adamw,0.4706,0.0027,,"(0, 0.0, 0.0)"
SimDINOv2-B LoRA r8 (blocs 9-11),mlp2,0.4576,0.0115,-0.013,"(512, 0.5, 0.0)"
SimDINOv2-B LoRA r8 (Q+K+V),lin_lbfgs,0.4812,0.0,,"[0.001, 0.001, 0.0001]"
SimDINOv2-B LoRA r8 (Q+K+V),lin_adamw,0.4662,0.0095,,"(0, 0.0, 0.0)"
SimDINOv2-B LoRA r8 (Q+K+V),mlp2,0.4616,0.0097,-0.0046,"(512, 0.5, 0.0001)"
SimDINOv2-B LoRA r8 (rsLoRA),lin_lbfgs,0.4753,0.0,,"[0.001, 0.001, 0.001]"
SimDINOv2-B LoRA r8 (rsLoRA),lin_adamw,0.4695,0.0027,,"(0, 0.0, 0.0)"
SimDINOv2-B LoRA r8 (rsLoRA),mlp2,0.4638,0.0112,-0.0057,"(512, 0.5, 0.0)"
SimDINOv2-B LoRA r8 (scaling 2),lin_lbfgs,0.4761,0.0,,"[0.001, 0.001, 0.001]"
SimDINOv2-B LoRA r8 (scaling 2),lin_adamw,0.4684,0.0038,,"(0, 0.0, 0.0)"
SimDINOv2-B LoRA r8 (scaling 2),mlp2,0.4651,0.0099,-0.0033,"(512, 0.5, 0.0001)"
SimDINOv2-B LoRA r=8,lin_lbfgs,0.4781,0.0,,"[0.001, 0.001, 0.001]"
SimDINOv2-B LoRA r=8,lin_adamw,0.468,0.0047,,"(0, 0.0, 0.0)"
SimDINOv2-B LoRA r=8,mlp2,0.4685,0.0047,0.0005,"(256, 0.5, 0.0)"
SimDINOv2-B MHSA,lin_lbfgs,0.469,0.0,,"[0.001, 0.001, 0.001]"
SimDINOv2-B MHSA,lin_adamw,0.464,0.0015,,"(0, 0.0, 0.0)"
SimDINOv2-B MHSA,mlp2,0.4681,0.0059,0.0041,"(256, 0.5, 0.0)"
SimDINOv2-B NormTuning,lin_lbfgs,0.4781,0.0,,"[0.001, 0.001, 0.001]"
SimDINOv2-B NormTuning,lin_adamw,0.4671,0.0018,,"(0, 0.0, 0.0)"
SimDINOv2-B NormTuning,mlp2,0.4678,0.0026,0.0007,"(256, 0.2, 0.0)"
SimDINOv2-L LoRA r=8,lin_lbfgs,0.4834,0.0,,"[0.001, 0.001, 0.0001]"
SimDINOv2-L LoRA r=8,lin_adamw,0.4713,0.0096,,"(0, 0.0, 0.0)"
SimDINOv2-L LoRA r=8,mlp2,0.4693,0.0103,-0.002,"(256, 0.5, 0.0001)"
SimDINOv2 ViT-B16,lin_lbfgs,0.472,0.0,,[0.001]
SimDINOv2 ViT-B16,lin_adamw,0.4599,0.0,,"(0, 0.0, 0.0)"
SimDINOv2 ViT-B16,mlp2,0.4573,0.0,-0.0026,"(256, 0.2, 0.0001)"
SimDINOv2 ViT-L16,lin_lbfgs,0.4756,0.0,,[0.001]
SimDINOv2 ViT-L16,lin_adamw,0.4615,0.0,,"(0, 0.0, 0.0)"
SimDINOv2 ViT-L16,mlp2,0.4654,0.0,0.0039,"(256, 0.5, 0.0001)"
ViT-B/16 IN-Full,lin_lbfgs,0.4747,0.0,,"[0.0001, 0.001, 0.001]"
ViT-B/16 IN-Full,lin_adamw,0.4675,0.0065,,"(0, 0.0, 0.0)"
ViT-B/16 IN-Full,mlp2,0.4703,0.0024,0.0028,"(512, 0.5, 0.0)"
ViT-B/16 IN-MHSA,lin_lbfgs,0.4687,0.0,,"[0.001, 0.001, 0.001]"
ViT-B/16 IN-MHSA,lin_adamw,0.4615,0.0076,,"(0, 0.0, 0.0)"
ViT-B/16 IN-MHSA,mlp2,0.4661,0.0132,0.0046,"(512, 0.5, 0.0)"
