population,n,metric,label,rho,ci95_low,ci95_high,p,p_bh,signif_ci,signif_bh,loo_rho_min,loo_rho_max
all,40,rankme_sigma_raw,"RankMe (σ, bruts)",0.28653187880502085,-0.09529225588629202,0.6113486599795406,0.07305014252080587,0.18262535630201468,False,False,0.23019689489453574,0.3547097272253532
all,40,rankme_sigma_centered,"RankMe (σ, centrés)",0.12619036574746334,-0.24816788072192167,0.48153194036634356,0.43780829074773775,0.5837443876636503,False,False,0.05719491891618852,0.185959408936351
all,40,eff_rank_sigma2,"Rang effectif (σ², centrés)",0.13294553774286655,-0.2617169525473656,0.4862543837851237,0.4134723048501346,0.5837443876636503,False,False,0.06448347495506565,0.185959408936351
all,40,rankme_sigma_raw_norm,RankMe (σ) normalisé,0.10254726376355199,-0.2889412272582682,0.4669413042268838,0.5289149361143435,0.5876832623492706,False,False,0.031684972780118593,0.14890924907205896
all,40,eff_rank_sigma2_norm,Rang effectif (σ²) normalisé,0.030867383145662036,-0.3939622995773953,0.42104241069839327,0.8500325507624106,0.8500325507624107,False,False,-0.04565470518796641,0.0818950254923832
all,40,stable_rank,Stable rank (= NESum),0.13669841107364614,-0.24708641389564948,0.4888641479775984,0.4002917606728225,0.5837443876636503,False,False,0.06853267275444182,0.1924381254153529
all,40,participation_ratio,Participation ratio,0.11286766542319583,-0.2908346987806268,0.466373130581211,0.4880442844016831,0.5876832623492706,False,False,0.04282026672840309,0.1659158798294389
all,40,alpha_spectral,Exposant spectral α,-0.10902097025914675,-0.4753719741048869,0.2957908287214167,0.5030840029059408,0.5876832623492706,False,False,-0.16966138779386186,-0.03887229887401131
all,40,aniso_cosine,Anisotropie (cosinus moyen),-0.49810011282771954,-0.7198049068285765,-0.18667504088109543,0.0010726782789381723,0.007151188526254483,True,True,-0.5466417029157842,-0.45948272028421183
all,40,aniso_spectral,Anisotropie spectrale (λ₁·D/Σλ),0.04006192280607201,-0.35856803562032546,0.45074800581491964,0.8061174515873992,0.8485446858814728,False,False,0.0015184491747660671,0.12198208370620738
all,40,fisher_ratio,Ratio de Fisher,0.42069710038039076,0.07906502524686125,0.7177424712716743,0.006870339334874117,0.027481357339496464,True,True,0.3828516519310177,0.532874430397905
all,40,knn_purity,Pureté k-NN (k=10),0.4781160623413183,0.1123342165013757,0.7485829028829005,0.001806462922304518,0.009032314611522589,True,True,0.43690844255268957,0.548868761705441
all,40,intrinsic_dim_twonn,Dimension intrinsèque (TwoNN),-0.3215274226145404,-0.6085037023127758,0.0026522924185277234,0.0430618507348743,0.12303385924249799,False,False,-0.39631523461394347,-0.2742319209627517
all,40,nc1_canonical,NC1 — dispersion intra / inter,-0.22320214134811545,-0.5666147689173495,0.13263480470473377,0.16622739925855742,0.27704566543092907,False,False,-0.31978539620573365,-0.1815052913570372
all,40,silhouette,Silhouette,0.5813200789377567,0.29351982035057944,0.7899033494283358,8.369159713817027e-05,0.0008369159713817028,True,True,0.5482613820355345,0.638963412741561
all,40,dbi,Davies-Bouldin,-0.5824459409369906,-0.7972162793584633,-0.297369338041148,8.046325306658375e-05,0.0008369159713817028,True,True,-0.6381535731816858,-0.5494761413753474
all,40,chi,Calinski-Harabasz,0.22395271601427136,-0.13194060480769443,0.5744432226610706,0.16477025630350015,0.27704566543092907,False,False,0.18231513091691245,0.32059523576560894
all,40,nc2_mean_cos,NC2 — cosinus moyen des centroïdes,-0.26523432265284674,-0.5771668852770545,0.10696206918773155,0.09811309260171214,0.19622618520342427,False,False,-0.31624234813127955,-0.20721769738307594
all,40,logme_train,LogME (train),0.27377210948037023,-0.06928260440353398,0.5802737934059464,0.08737459628933529,0.1941657695318562,False,False,0.21865668116631362,0.3267702624096576
all,40,logme_test,LogME (test),0.34610874293114663,0.023225253915040146,0.6301738321869556,0.02869264174787941,0.09564213915959803,True,False,0.29710988852922704,0.4036037906528206
frozen,11,rankme_sigma_raw,"RankMe (σ, bruts)",0.7000000000000001,0.08753212513293158,0.9626168224299064,0.016470978836514428,0.04117744709128607,True,True,0.6,0.8545454545454544
frozen,11,rankme_sigma_centered,"RankMe (σ, centrés)",0.5090909090909091,-0.19825084190003542,0.94492015861108,0.10973723224165634,0.15640907068565088,False,False,0.34545454545454546,0.7939393939393938
frozen,11,eff_rank_sigma2,"Rang effectif (σ², centrés)",0.8272727272727273,0.42990654205607476,0.9417615758028379,0.0016769738964523809,0.008886938029673845,True,True,0.8060606060606059,0.8666666666666665
frozen,11,rankme_sigma_raw_norm,RankMe (σ) normalisé,0.6000000000000001,-0.07480195816644414,0.8976744186046512,0.05100326070695074,0.09273320128536498,False,False,0.5030303030303029,0.7212121212121211
frozen,11,eff_rank_sigma2_norm,Rang effectif (σ²) normalisé,0.5545454545454546,-0.2524834364442104,0.8710228166797794,0.07665233333978243,0.11792666667658835,False,False,0.43030303030303024,0.6727272727272726
frozen,11,stable_rank,Stable rank (= NESum),0.8000000000000002,0.38529391929864004,0.943127962085308,0.0031104283103858456,0.008886938029673845,True,True,0.7575757575757575,0.8424242424242423
frozen,11,participation_ratio,Participation ratio,0.8000000000000002,0.38529391929864004,0.943127962085308,0.0031104283103858456,0.008886938029673845,True,True,0.7575757575757575,0.8424242424242423
frozen,11,alpha_spectral,Exposant spectral α,-0.8363636363636365,-0.9722222222222221,-0.3933649289099526,0.0013331850799508565,0.008886938029673845,True,True,-0.9030303030303028,-0.7818181818181817
frozen,11,aniso_cosine,Anisotropie (cosinus moyen),-0.6363636363636364,-0.9248914045017771,-0.03510293402496392,0.03528698122006231,0.07841551382236069,True,False,-0.7212121212121211,-0.5636363636363636
frozen,11,aniso_spectral,Anisotropie spectrale (λ₁·D/Σλ),-0.5545454545454546,-0.9024742026266417,0.2905411516430498,0.07665233333978243,0.11792666667658835,False,False,-0.6727272727272726,-0.406060606060606
frozen,11,fisher_ratio,Ratio de Fisher,-0.2545454545454546,-0.8537285564243202,0.46980210196779953,0.45003657688882837,0.500040640987587,False,False,-0.6727272727272726,-0.12727272727272726
frozen,11,knn_purity,Pureté k-NN (k=10),0.4000000000000001,-0.40201660466382355,0.9712952836637047,0.22286835013352,0.2621980589806117,False,False,0.19999999999999998,0.6363636363636362
frozen,11,intrinsic_dim_twonn,Dimension intrinsèque (TwoNN),-0.03636363636363637,-0.8497828090035541,0.7157065616447497,0.9154683168905347,0.9154683168905347,False,False,-0.38181818181818183,0.16363636363636364
frozen,11,nc1_canonical,NC1 — dispersion intra / inter,0.8000000000000002,0.28970412366567744,0.9813105846555095,0.0031104283103858456,0.008886938029673845,True,True,0.7333333333333332,0.8909090909090909
frozen,11,silhouette,Silhouette,0.8000000000000002,0.32685185185185184,0.990521327014218,0.0031104283103858456,0.008886938029673845,True,True,0.7454545454545454,0.9151515151515152
frozen,11,dbi,Davies-Bouldin,-0.05454545454545456,-0.6111176935229067,0.5234748182762196,0.8734465775233149,0.9154683168905347,False,False,-0.28484848484848485,0.06666666666666665
frozen,11,chi,Calinski-Harabasz,-0.8000000000000002,-0.9813105846555095,-0.2897041236656775,0.0031104283103858456,0.008886938029673845,True,True,-0.8909090909090909,-0.7333333333333332
frozen,11,nc2_mean_cos,NC2 — cosinus moyen des centroïdes,-0.5,-0.9052244478225878,0.32700581395348793,0.11730680301423817,0.15640907068565088,False,False,-0.6484848484848483,-0.33333333333333326
frozen,11,logme_train,LogME (train),0.6181818181818182,0.023474178403755864,0.9320632229293444,0.04264556980532674,0.08529113961065347,True,False,0.5393939393939393,0.7575757575757575
frozen,11,logme_test,LogME (test),0.41818181818181827,-0.274548660861898,0.8400280373831773,0.20057021703405048,0.2507127712925631,False,False,0.23636363636363633,0.5636363636363636
top35,35,rankme_sigma_raw,"RankMe (σ, bruts)",0.041605380199880526,-0.4030428197490587,0.4456203984932427,0.8124208069888778,0.8551797968303976,False,False,-0.03514938580929247,0.13631848757342993
top35,35,rankme_sigma_centered,"RankMe (σ, centrés)",-0.06443930940048836,-0.46463649644014654,0.3512424434307782,0.7130480716207707,0.8388800842597303,False,False,-0.15083671214683336,0.02063116123588906
top35,35,eff_rank_sigma2,"Rang effectif (σ², centrés)",-0.2448693757218558,-0.5882984847998963,0.15392695471080864,0.15626536461527632,0.26044227435879386,False,False,-0.31463936797681763,-0.18506915745675295
top35,35,rankme_sigma_raw_norm,RankMe (σ) normalisé,-0.3041255232792614,-0.6542615785070213,0.10447194643261737,0.07569485743890265,0.18923714359725663,False,False,-0.41384581205027826,-0.25490945882565147
top35,35,eff_rank_sigma2_norm,Rang effectif (σ²) normalisé,-0.37080619996324504,-0.7553677982039162,0.05130692644615766,0.028315090700721208,0.08090025914491773,False,False,-0.48506152416823606,-0.3135936507855137
top35,35,stable_rank,Stable rank (= NESum),-0.19738040640280022,-0.5467197944471521,0.18697091846802225,0.2557328577836267,0.35210926127176145,False,False,-0.275999090311227,-0.12989990407781998
top35,35,participation_ratio,Participation ratio,-0.22147510470037415,-0.5755954743462867,0.17190960730394758,0.20102819632506916,0.3092741481924141,False,False,-0.30012225289289446,-0.15740811905900542
top35,35,alpha_spectral,Exposant spectral α,0.27456749222816784,-0.13017668917637412,0.6128209349347187,0.11043969105649946,0.23009713892582756,False,False,0.20860396360732272,0.3572738428022338
top35,35,aniso_cosine,Anisotropie (cosinus moyen),-0.2712054413029249,-0.5682236163656739,0.10635410099900816,0.11504856946291377,0.23009713892582756,False,False,-0.3288759924417278,-0.20982655093981983
top35,35,aniso_spectral,Anisotropie spectrale (λ₁·D/Σλ),0.42179730566276186,0.012709811784352338,0.7665928078098805,0.011610527936869503,0.04644211174747801,True,True,0.3796133667403587,0.5510812401230811
top35,35,fisher_ratio,Ratio de Fisher,0.48315473504844425,0.1324190362010739,0.7656111940254086,0.0032818099929321156,0.04644211174747801,True,True,0.43615803086835087,0.5675861691117924
top35,35,knn_purity,Pureté k-NN (k=10),0.24739091391578794,-0.1408539059302808,0.59067996055933,0.15191121985144446,0.26044227435879386,False,False,0.17895622079426732,0.32933446269141425
top35,35,intrinsic_dim_twonn,Dimension intrinsèque (TwoNN),-0.19401835547755736,-0.5156433375672493,0.188174930776075,0.2640819459538211,0.35210926127176145,False,False,-0.26407886381937995,-0.12073049908409153
top35,35,nc1_canonical,NC1 — dispersion intra / inter,-0.42866149296846606,-0.7305008255370168,-0.07374957777610547,0.010191306305533093,0.04644211174747801,True,True,-0.5176129118959722,-0.38282265848816366
top35,35,silhouette,Silhouette,0.37626953271676467,0.03957934658899529,0.6545309404151906,0.02589497138052575,0.08090025914491773,True,False,0.32413846652830147,0.4564835452711157
top35,35,dbi,Davies-Bouldin,-0.43160328752805355,-0.734276217211311,-0.07504074855904148,0.009629765434844196,0.04644211174747801,True,True,-0.49866280824226666,-0.38175289457222866
top35,35,chi,Calinski-Harabasz,0.42978217661021373,0.07948827940830695,0.7280931443248332,0.009974194394544151,0.04644211174747801,True,True,0.3840452458206608,0.5188354992284693
top35,35,nc2_mean_cos,NC2 — cosinus moyen des centroïdes,-0.04888982387124007,-0.4144145063672702,0.3558752056655949,0.78032267221841,0.8551797968303976,False,False,-0.1057457225060504,0.037594560474286734
top35,35,logme_train,LogME (train),-0.008685298223544084,-0.35910729389011065,0.3764798383112349,0.9605067459782497,0.9605067459782497,False,False,-0.09154122652072257,0.06097654320829433
top35,35,logme_test,LogME (test),0.11921272239090346,-0.241827793464268,0.46290956392259325,0.4951775770746841,0.6189719713433551,False,False,0.040956675638653836,0.17880339737770515
