model,fraction,seed,n,dim,rankme_sigma_raw,rankme_sigma_centered,eff_rank_sigma2,rankme_sigma_raw_norm,eff_rank_sigma2_norm,stable_rank,participation_ratio,alpha_spectral,alpha_r2,aniso_cosine,aniso_spectral,fisher_ratio,knn_purity,intrinsic_dim_twonn,nc1_canonical,nc1_inverse,silhouette,dbi,chi,nc2_mean_cos,nc2_std_cos,emb_dir
dinov3_vitb16_lvd_full,1.0,0,17598,768,393.50728292166525,431.5006004741734,49.21924842208041,0.5123792746375849,0.06408756304958386,5.925968809898825,14.96743762760844,1.6669366001583332,0.8815470468713593,0.31707775592803955,129.59906213429974,0.34648879814450606,0.68644,10.907534625355712,2.4777763328041003,0.40358767930755723,0.03906117569449342,3.9287979942068536,709.7896515984769,-0.08764784337568707,0.34331737989902794,ft_ssl_results/dinov3_vitb16_lvd_full_embeddings/dinov3_vitb16_lvd_full_frac100_seed0
dinov3_vitb16_lvd_full,1.0,1,17598,768,396.3632999418476,435.11341112590446,50.50370644411999,0.5160980467992807,0.0657600344324479,5.880793685667946,15.246331493357888,1.66098653308587,0.8785964824263975,0.3225693702697754,130.5946171639534,0.34797866060742655,0.68552,11.044545771429032,2.4552632567186428,0.4072883008627153,0.040741280547562125,4.021396537567258,716.2979347275385,-0.08672375120376281,0.34819091568697597,ft_ssl_results/dinov3_vitb16_lvd_full_embeddings/dinov3_vitb16_lvd_full_frac100_seed1
dinov3_vitb16_lvd_full,1.0,2,17598,768,387.08271273384383,427.4141323180758,46.213628226745506,0.5040139488721925,0.06017399508690821,5.694885796531827,14.044299749890556,1.6655928987008093,0.8839739386244545,0.33397015929222107,134.85784042723213,0.3549240842847306,0.6825,11.014340076558623,2.396776275667721,0.41722709380582107,0.03561464890232676,3.9677059314157357,733.7772898765928,-0.08667388704727584,0.35182014570581127,ft_ssl_results/dinov3_vitb16_lvd_full_embeddings/dinov3_vitb16_lvd_full_frac100_seed2
dinov3_vitb16_lvd_lora_r8,0.005,0,17598,768,361.9526954737211,431.6870786180766,59.86409916052204,0.4712925722314077,0.07794804578192974,5.58749317483981,17.646515903250783,1.7308920335152902,0.8981979264581139,0.5603817105293274,137.4498323252123,0.2372962822770592,0.61588,13.540778837220948,3.584498284658301,0.27897907059398913,0.009753300834684382,5.384521918097595,490.64049145376197,-0.08287456249012908,0.4063558628253249,DINOv3_LoRA/lora/embeddings/dinov3_vitb16_lvd_lora_frac000_seed0
dinov3_vitb16_lvd_lora_r8,0.005,1,17598,768,365.9948631895793,432.26238709918846,58.39116236271419,0.4765558114447647,0.07603015932645077,4.79539543329936,15.694543852870865,1.7468364032478885,0.8938052774425078,0.5384992957115173,160.1536329344159,0.2574423611354577,0.62388,13.128754977199621,3.2170802994710095,0.3108408578312829,0.008903684255141946,5.454596757709279,546.6758166680258,-0.07653232607031929,0.43088721907289024,DINOv3_LoRA/lora/embeddings/dinov3_vitb16_lvd_lora_frac000_seed1
dinov3_vitb16_lvd_lora_r8,0.005,2,17598,768,366.2585530938195,433.14527588252196,60.219631753455424,0.4768991576742441,0.07841097884564509,4.983483006583627,16.446565025094767,1.7475524534751499,0.8946718811423475,0.5445074439048767,154.10908374432165,0.2506943064543378,0.627,13.395889209679964,3.2892255973317552,0.30402292892615923,0.009613242770624976,5.335861978770932,534.685125102577,-0.08333623793891697,0.4246902506314236,DINOv3_LoRA/lora/embeddings/dinov3_vitb16_lvd_lora_frac000_seed2
dinov3_vitb16_lvd_lora_r8,0.01,0,17598,768,344.6731287823961,405.94653796589284,41.27390760977977,0.4487931364354116,0.05374206720023408,3.749123374596922,10.712804333621861,1.7756212303368262,0.9023981595142251,0.49875912070274353,204.84788662964968,0.3393073504135132,0.6364,12.810024382425249,2.328241721281003,0.4295086677896007,0.015950561026626533,5.0331338785368,755.3768940418752,-0.07595067944021403,0.4661691705003186,DINOv3_LoRA/lora/embeddings/dinov3_vitb16_lvd_lora_frac001_seed0
dinov3_vitb16_lvd_lora_r8,0.01,1,17598,768,340.7882517037391,397.935810390421,38.08610075633882,0.4437347027392436,0.04959127702648284,3.508433755213157,9.75054134967464,1.807375818650764,0.8997849476117867,0.4711974561214447,218.90109763618432,0.360825693193491,0.63464,12.75227819151424,2.2077971728348076,0.4529401578658373,0.013277393455617582,4.989389341032963,796.5858556389906,-0.07577312400859292,0.4526250490662585,DINOv3_LoRA/lora/embeddings/dinov3_vitb16_lvd_lora_frac001_seed1
dinov3_vitb16_lvd_lora_r8,0.01,2,17598,768,351.44579336987493,407.42352266678694,42.14297790250073,0.4576117101170247,0.054873669143881164,3.6684923810054886,10.58931916402133,1.7931782773328553,0.8970434246366612,0.46431225538253784,209.35030531247844,0.33739058193926214,0.64454,12.66526310881772,2.309166889346832,0.4330566164849287,0.018222593939832964,5.052377667894742,761.6166714123558,-0.08088126259691324,0.4600561580421512,DINOv3_LoRA/lora/embeddings/dinov3_vitb16_lvd_lora_frac001_seed2
dinov3_vitb16_lvd_lora_r8,0.05,0,17598,768,336.11498890870575,380.09142911793816,36.86614652209209,0.43764972514154393,0.04800279495064074,4.4356073111511085,11.956185671982139,1.8289414141719127,0.9041898784606401,0.3780476748943329,173.14427227794704,0.40065715251466955,0.66594,10.884302031991995,2.1020610754145497,0.47572357040211743,0.03970674862620218,4.289951385395319,836.6550432665894,-0.0829746268629947,0.3637766693089926,DINOv3_LoRA/lora/embeddings/dinov3_vitb16_lvd_lora_frac005_seed0
dinov3_vitb16_lvd_lora_r8,0.05,1,17598,768,345.47469950471174,386.6530573359767,34.23064837984648,0.44983684831342674,0.04457115674459177,3.8367566917025786,10.194795992344401,1.8139083942423493,0.8916779960470617,0.3444763720035553,200.16906510149238,0.468826970477373,0.67376,11.222117351123899,1.745760677350042,0.572816201541076,0.04960613162041872,4.429433450195153,1007.4118536508548,-0.0765731499237504,0.37715806806277,DINOv3_LoRA/lora/embeddings/dinov3_vitb16_lvd_lora_frac005_seed1
dinov3_vitb16_lvd_lora_r8,0.05,2,17598,768,350.6453287790809,393.1191860870831,37.001124501492185,0.45656943851442827,0.048178547527984616,4.028018300693985,10.990527918744654,1.8037042186374974,0.8903199967278662,0.3576435446739197,190.66447634254337,0.4080868040108094,0.67092,11.815484541818746,2.016809310903102,0.49583269701968835,0.03813439558973618,4.3089855071989716,872.020964248946,-0.08242031552372982,0.40274644915716523,DINOv3_LoRA/lora/embeddings/dinov3_vitb16_lvd_lora_frac005_seed2
dinov3_vitb16_lvd_lora_r8,0.1,0,17598,768,343.0258939021853,386.8885381208344,39.12272331896372,0.4466482993518038,0.05094104598823401,4.700996289130265,12.66420874546894,1.8205428664857322,0.9010544364106633,0.37721073627471924,163.36962481246468,0.3992282750260932,0.66714,10.499237563258243,2.1149505515781106,0.47282429334026654,0.03996934446135845,4.2214769274733595,831.5560846979082,-0.08283911328266746,0.34744517879325687,DINOv3_LoRA/lora/embeddings/dinov3_vitb16_lvd_lora_frac010_seed0
dinov3_vitb16_lvd_lora_r8,0.1,1,17598,768,341.8885141269315,386.1228217305334,35.660216499270966,0.4451673361027754,0.04643257356675907,4.170385073347521,11.09544782456345,1.8203142130148757,0.8919857084582403,0.37278544902801514,184.15565625059537,0.45435533379762044,0.67894,11.153607039751579,1.8491851735769587,0.5407787247531928,0.048798150141577824,4.202617795609243,951.0675432239414,-0.07989247962475905,0.36551294666214873,DINOv3_LoRA/lora/embeddings/dinov3_vitb16_lvd_lora_frac010_seed1
dinov3_vitb16_lvd_lora_r8,0.1,2,17598,768,347.09814316372785,391.9881547276057,37.33556466387976,0.4519507072444373,0.048614016489426766,4.012441046203718,11.076010749870091,1.8120966914243375,0.8901676422156878,0.3794933557510376,191.40468137883948,0.40973057112553357,0.6711,11.384442374940958,2.0545744593643755,0.48671879251768935,0.03604482509404149,4.297533734891053,855.9923404012643,-0.08436440905994019,0.40384143865183403,DINOv3_LoRA/lora/embeddings/dinov3_vitb16_lvd_lora_frac010_seed2
dinov3_vitb16_lvd_lora_r8,0.25,0,17598,768,352.33675263224296,392.96810645366065,40.65754999581183,0.458771813323233,0.05293951822371332,4.855071230216813,13.18299122755199,1.799929809804291,0.8969462904998886,0.3487742245197296,158.18511481770852,0.3880296148453372,0.67712,10.79524387057885,2.188056278344531,0.45702663587617426,0.04296839870898996,4.131849084161405,803.7727445157839,-0.08611097389010748,0.34624591763328777,DINOv3_LoRA/lora/embeddings/dinov3_vitb16_lvd_lora_frac025_seed0
dinov3_vitb16_lvd_lora_r8,0.25,1,17598,768,362.5628613207116,403.8427150329875,41.37361444647682,0.47208705901134324,0.05387189381051669,4.622552268711064,12.701120498262304,1.7909076736382668,0.8817422563165462,0.3473966121673584,166.14198290377504,0.406299625282496,0.67734,11.223559192869855,2.0926657825092887,0.47785939272177275,0.045196123573221496,4.124157529050791,840.4113139801719,-0.080838290715662,0.36381585421480306,DINOv3_LoRA/lora/embeddings/dinov3_vitb16_lvd_lora_frac025_seed1
dinov3_vitb16_lvd_lora_r8,0.25,2,17598,768,353.73177074738214,396.5248017061689,38.33865644435043,0.46058824316065383,0.04992012557858128,4.187822117229088,11.551055861228077,1.7980564211718324,0.8874264975114932,0.35969164967536926,183.38887815706806,0.40345851275950667,0.6716,11.737831300805416,2.069767657396728,0.48314601710284594,0.03330889879592669,4.160650366077998,849.7089002791738,-0.08441579397626801,0.39568264780270934,DINOv3_LoRA/lora/embeddings/dinov3_vitb16_lvd_lora_frac025_seed2
dinov3_vitb16_lvd_lora_r8,0.5,0,17598,768,366.9245395123339,405.9964353383732,43.877687128935065,0.47776632749001813,0.057132405115800866,5.254827532019361,14.062684031345517,1.7603645120047782,0.8917381344970539,0.3332696855068207,146.1513237723461,0.3775558141787679,0.68078,11.037835934384871,2.2780438085810255,0.438973120812129,0.041116704880383145,4.07619622001425,772.0220275726199,-0.08754014413381761,0.3377818805519407,DINOv3_LoRA/lora/embeddings/dinov3_vitb16_lvd_lora_frac050_seed0
dinov3_vitb16_lvd_lora_r8,0.5,1,17598,768,350.2702088047688,394.4410500967823,38.25690388767681,0.456081001047876,0.049813676937079186,4.373172188896028,11.855638761547679,1.8066524235839472,0.8871493942740784,0.37161895632743835,175.61622703767247,0.429492255549569,0.67982,11.253164225937256,1.9505556737948977,0.5126744206454463,0.045244186890274936,4.161835228556888,901.6405035895959,-0.0805479853923326,0.35998911667153827,DINOv3_LoRA/lora/embeddings/dinov3_vitb16_lvd_lora_frac050_seed1
dinov3_vitb16_lvd_lora_r8,0.5,2,17598,768,372.9744611568009,410.5339304429917,42.30969366738718,0.48564382963125113,0.05509074696274372,4.671085879113759,12.781888952185517,1.7656658951525053,0.8766964507980719,0.31463125348091125,164.4157311331026,0.3828910385143704,0.68104,11.743642041336523,2.1997492649337684,0.45459726521588545,0.035084801427409,4.219533266060422,799.5002103355303,-0.0849738599006123,0.3811661637059769,DINOv3_LoRA/lora/embeddings/dinov3_vitb16_lvd_lora_frac050_seed2
dinov3_vitb16_lvd_lora_r8,0.7,0,17598,768,368.5780394179674,407.62775836066004,43.79843059263299,0.47991932215881167,0.05702920650082421,5.196117302466973,13.945678630543505,1.7561152617020468,0.8890733007263785,0.33171209692955017,147.80266789500206,0.3895665099446111,0.6812,10.911415792741442,2.202986765002768,0.45392919099007367,0.041186241592747835,4.009374589762202,798.3252681945944,-0.0867703106722875,0.33969122998477874,DINOv3_LoRA/lora/embeddings/dinov3_vitb16_lvd_lora_frac070_seed0
dinov3_vitb16_lvd_lora_r8,0.7,1,17598,768,363.0518211776606,405.06357395661803,40.9009104516646,0.47272372549174557,0.05325639381727162,4.51580233778969,12.392555151708871,1.7806128660921159,0.8811790390697118,0.3521290421485901,170.06944559400404,0.4062139893112196,0.68026,11.12620380898399,2.056379448851566,0.48629157452336313,0.04567323064069756,4.207237180354699,855.2409921146432,-0.07795032679180765,0.3685704334505523,DINOv3_LoRA/lora/embeddings/dinov3_vitb16_lvd_lora_frac070_seed1
dinov3_vitb16_lvd_lora_r8,0.7,2,17598,768,372.9927806572634,411.075321454078,42.07175514839478,0.4856676831474784,0.0547809311828057,4.644086614641515,12.5568299215171,1.7656582448476583,0.8767405722829671,0.31877776980400085,165.3715926784633,0.37775422835107936,0.67986,11.749673180753474,2.2416038572149417,0.44610915384576194,0.03470494471052139,4.204402576532067,784.5721688688805,-0.08603841967229127,0.3816475335700577,DINOv3_LoRA/lora/embeddings/dinov3_vitb16_lvd_lora_frac070_seed2
dinov3_vitb16_lvd_mhsa,1.0,0,17598,768,413.12843732532775,448.6645793817006,49.80232917200036,0.5379276527673539,0.06484678277604214,5.280506922475621,14.523233141167362,1.5835451943207717,0.8681417788874463,0.2870100438594818,145.44058198865957,0.3700100117097621,0.68666,11.155575417071873,2.3068496566661585,0.43349162226928944,0.04545294002257395,4.04305656248833,762.3817160853199,-0.08619498823223046,0.3472948949525349,ft_ssl_results/dinov3_vitb16_lvd_mhsa_embeddings/dinov3_vitb16_lvd_mhsa_frac100_seed0
dinov3_vitb16_lvd_mhsa,1.0,1,17598,768,417.7252912789475,452.390484217058,51.23835721340492,0.5439131396861295,0.06671661095495432,5.18294182559911,14.449963582007786,1.5921896449839938,0.8613460917933451,0.28267064690589905,148.17839478860537,0.3762357775152488,0.68278,11.23587210447532,2.237238073661457,0.4469796986616431,0.049962155098861136,4.339514861408634,786.1031960365734,-0.08089614834715353,0.3468000215804575,ft_ssl_results/dinov3_vitb16_lvd_mhsa_embeddings/dinov3_vitb16_lvd_mhsa_frac100_seed1
dinov3_vitb16_lvd_mhsa,1.0,2,17598,768,420.50491903397676,454.4212905863277,49.449485775056836,0.547532446658824,0.06438735126960525,4.813137100829615,13.31689494396496,1.5973168420815864,0.85301280479983,0.27055224776268005,159.56329186376675,0.35619755405077297,0.68442,11.650122232851777,2.346725450070745,0.42612568929587724,0.036734987453343054,4.131795359987691,749.4272497649686,-0.08574462830209012,0.37406662286180725,ft_ssl_results/dinov3_vitb16_lvd_mhsa_embeddings/dinov3_vitb16_lvd_mhsa_frac100_seed2
dinov3_vitl16_lvd_lora,1.0,0,17598,1024,578.2307165308674,617.9451337550382,67.47081042249222,0.5646784341121752,0.06588946330321506,5.9685948834077545,17.094786878749975,1.4881096022834175,0.9655582018478885,0.25262024998664856,171.56466806729387,0.3264507063980111,0.69006,11.346564414132347,2.670496889536582,0.37446214744446227,0.03696484220163606,4.273688409073481,658.5665787108131,-0.08840586034287688,0.339397312663352,ViTB_L_LoRA/lora_3models/embeddings/dinov3_vitl16_lvd_lora_frac100_seed0
dinov3_vitl16_lvd_lora,1.0,1,17598,1024,588.0544366068988,625.5665241920133,71.66879741307913,0.5742719107489246,0.06998905997371009,6.549494777186456,18.547144039362156,1.4667370078649002,0.9678634814492463,0.23867377638816833,156.34793748776633,0.32184141778782993,0.69408,11.580302489537406,2.6986771854717335,0.37055191535434706,0.039371193830631104,4.202789584587044,651.689653533922,-0.0889038691496433,0.3287884532696323,ViTB_L_LoRA/lora_3models/embeddings/dinov3_vitl16_lvd_lora_frac100_seed1
dinov3_vitl16_lvd_lora,1.0,2,17598,1024,559.5743689589102,598.8573010028115,59.07562187293498,0.5464593446864358,0.05769103698528807,5.682933024873787,15.52184567509302,1.517782218199402,0.9692393713405091,0.2477990686893463,180.188644757562,0.3638413609828788,0.69172,11.560903069249871,2.3951949403887305,0.41750255193729097,0.04042401058778255,4.063913555437872,734.26173809241,-0.08696144806024204,0.34377127642061867,ViTB_L_LoRA/lora_3models/embeddings/dinov3_vitl16_lvd_lora_frac100_seed2
simdinov2_vitb16_full,1.0,0,17598,768,478.16558138429525,510.45009064750855,83.79017906959146,0.6226114340941344,0.10910179566353055,6.651421463506802,20.569589827213214,1.4680056692873,0.8276218734113674,0.26565268635749817,115.4640409142094,0.2575161709859746,0.69392,9.17336808382316,3.341922631532461,0.29922894999551325,0.02270965545220162,4.551521699512276,526.2539543572653,-0.08983130678985646,0.3412482257088442,ft_ssl_results/simdinov2_vitb16_full_embeddings/simdinov2_vitb16_full_frac100_seed0
simdinov2_vitb16_full,1.0,1,17598,768,472.3415792101366,505.4570198044132,78.64848707547256,0.6150280979298653,0.10240688421285489,6.427017406006647,19.229314668759322,1.4732207289732469,0.8307707765404274,0.2707119286060333,119.4955531444854,0.2590673460138551,0.69476,9.172602587681444,3.245493690837588,0.30811953288426036,0.02169148741476064,4.460271454128859,541.8898224837146,-0.09016123093331115,0.342006239962985,ft_ssl_results/simdinov2_vitb16_full_embeddings/simdinov2_vitb16_full_frac100_seed1
simdinov2_vitb16_full,1.0,2,17598,768,539.6486910669087,564.6330903427821,143.75823489098772,0.7026675664933707,0.1871852016809736,9.112658750151521,35.88035724161903,1.3358724577891963,0.7911348861910783,0.2080429643392563,84.2783671655904,0.18986372549059832,0.69166,9.543756266897136,4.646958881178203,0.2151945015158477,0.021095411021376267,4.949146686837814,378.46256981600163,-0.0888455691970671,0.3161116518324406,ft_ssl_results/simdinov2_vitb16_full_embeddings/simdinov2_vitb16_full_frac100_seed2
simdinov2_vitb16_lora,1.0,0,17598,768,421.5258672743004,475.57007200678385,59.99161090154893,0.5488618063467453,0.07811407669472517,4.915156063323243,15.114260790308272,1.524144589939131,0.8590182449673476,0.42784732580184937,156.25139672182425,0.319785377884279,0.6968,9.661349380443959,2.6098936663720558,0.38315737261039085,0.02148849529176904,4.35637489958863,673.8588712101509,-0.08367823843877073,0.3710521025835413,ViTB_L_LoRA/lora_3models/simdinov2_vitb16/embeddings/frac100_seed0
simdinov2_vitb16_lora,1.0,1,17598,768,422.8088277519835,474.6641511494632,56.56723991948581,0.5505323278020618,0.07365526031183048,4.558201052459386,13.880980648563872,1.5169480321601287,0.856072335723898,0.40886956453323364,168.48752197659735,0.3440564476307992,0.69984,9.642014428295347,2.3865632977181446,0.4190125612656941,0.024001025340212583,4.2897296274241405,736.917391498283,-0.0835621203623039,0.38003600291161543,ViTB_L_LoRA/lora_3models/simdinov2_vitb16/embeddings/frac100_seed1
simdinov2_vitb16_lora,1.0,2,17598,768,425.1378191068806,474.66405252586765,57.77365370325146,0.5535648686287508,0.07522611159277534,5.194160428200158,15.027171793555244,1.5155566605397828,0.8559410764198401,0.3935873508453369,147.85835181954934,0.33123759794575175,0.69748,9.637649543032119,2.5545923360031324,0.39145189074049674,0.023902171443549825,4.247628959840823,688.4464402455798,-0.08635632404163783,0.3554985478695254,ViTB_L_LoRA/lora_3models/simdinov2_vitb16/embeddings/frac100_seed2
simdinov2_vitb16_lora_r16,1.0,0,17598,768,429.5831343850142,482.30239379051426,60.69730072498525,0.5593530395638205,0.07903294365232454,5.003865255718475,15.057501852033994,1.494227773764803,0.8538522235717827,0.4151877462863922,153.48135106602254,0.3137153598019563,0.69494,9.705798407526656,2.6967962822243265,0.3708103599040955,0.020650087142128633,4.410766766853285,652.1441799635728,-0.0855875336893558,0.3732234112267163,results/lora_simb_ablation/embeddings/simdinov2_vitb16_lora_r16a16_frac100_seed0
simdinov2_vitb16_lora_r16,1.0,1,17598,768,429.5168678137108,481.2466199803379,59.06007143804997,0.5592667549657693,0.07690113468496089,4.7267774214778475,14.454580409556842,1.493249773574058,0.8530220273173728,0.4068933427333832,162.4785623520816,0.3356180352784079,0.6983,9.53853191150411,2.4834390985439634,0.40266741414593005,0.026158357597867807,4.278510822506688,708.1711812587305,-0.0844892681106439,0.37341018059350284,results/lora_simb_ablation/embeddings/simdinov2_vitb16_lora_r16a16_frac100_seed1
simdinov2_vitb16_lora_r16,1.0,2,17598,768,428.5462791530555,478.5268107166202,58.85985737260532,0.5580029676472077,0.07664043928724651,5.362168917426564,15.35405715404398,1.4991159603975277,0.8535622089255034,0.39569300413131714,143.22562601563513,0.329891841421487,0.69864,9.772599858188746,2.5803697446518883,0.38754135994356115,0.025158484858444175,4.265505644740785,681.5689897330035,-0.08786042207435181,0.3543510527816773,results/lora_simb_ablation/embeddings/simdinov2_vitb16_lora_r16a16_frac100_seed2
simdinov2_vitb16_lora_r16_rslora,1.0,0,17598,768,448.49793916037453,496.60562807132465,64.5537674496925,0.583981691615071,0.08405438470012044,5.531875167054882,15.890491635206589,1.4396859292611994,0.842755600221831,0.3784407377243042,138.83176622889627,0.3066961249388783,0.69682,9.842320585384135,2.842335611388431,0.35182333711505864,0.02219392250219232,4.436045588960263,618.75170298447,-0.08930729037245971,0.36113995908093893,results/lora_simb_ablation/embeddings/simdinov2_vitb16_lora_r16a64_frac100_seed0
simdinov2_vitb16_lora_r16_rslora,1.0,1,17598,768,445.3820370559499,494.3443355897695,62.399135608277824,0.5799245274166015,0.08124887448994508,4.86914961670526,14.672152587018688,1.4514086988694188,0.8424751464357321,0.38462328910827637,157.72774723642027,0.31385126202769853,0.6945,9.802237279034168,2.6506174595246557,0.37727058516356266,0.023135973677452876,4.416005263361882,663.5057781274065,-0.08657703904576862,0.3817031718100708,results/lora_simb_ablation/embeddings/simdinov2_vitb16_lora_r16a64_frac100_seed1
simdinov2_vitb16_lora_r16_rslora,1.0,2,17598,768,462.30819085678417,504.4168826307895,70.67996737869937,0.6019637901781044,0.09203120752434814,5.776752775461018,17.27733254510832,1.4297275117668957,0.8364671292539017,0.3343510329723358,132.9466622255977,0.29783055338764797,0.69422,9.858412570104251,2.8872166535770183,0.3463543335969394,0.021299250014817077,4.45109773828583,609.1333664971468,-0.08760376970770051,0.3561672592435732,results/lora_simb_ablation/embeddings/simdinov2_vitb16_lora_r16a64_frac100_seed2
simdinov2_vitb16_lora_r16_s2,1.0,0,17598,768,438.6520101304278,489.1145413396998,61.18727632678112,0.5711614715239945,0.07967093271716291,5.1038997282096155,14.962054738173538,1.4636863461355494,0.848277265885578,0.3958783745765686,150.47317559065857,0.3133317642806418,0.69638,9.819932190506242,2.735534218505088,0.3655593094887745,0.019849590039216103,4.4329812707474865,642.9091575981411,-0.08684360497171045,0.3728783406837661,results/lora_simb_ablation/embeddings/simdinov2_vitb16_lora_r16a32_frac100_seed0
simdinov2_vitb16_lora_r16_s2,1.0,1,17598,768,434.598432326445,485.615225251166,59.43185909148657,0.5658833754250586,0.07738523319203981,4.723374192133521,14.293132004030051,1.47636776234743,0.8493105753507866,0.39986443519592285,162.59562947162962,0.3300220365819127,0.69572,9.613221686276134,2.529514264276333,0.395332817103403,0.025536965568077143,4.3250096967168155,695.271825440028,-0.08523324052615108,0.3774944612037018,results/lora_simb_ablation/embeddings/simdinov2_vitb16_lora_r16a32_frac100_seed1
simdinov2_vitb16_lora_r16_s2,1.0,2,17598,768,450.2643135015076,494.6988068398977,64.92447071596766,0.586281658205088,0.08453707124474956,5.499314767895991,16.12986155835753,1.4532172048386864,0.842722905480294,0.3517966866493225,139.65376277121754,0.31467771568644104,0.69688,9.853363318487178,2.710460783567264,0.36894095869689036,0.024554917281276675,4.360905223770507,648.8564640604588,-0.08796370702245258,0.3572781493825351,results/lora_simb_ablation/embeddings/simdinov2_vitb16_lora_r16a32_frac100_seed2
simdinov2_vitb16_lora_r2,1.0,0,17598,768,411.1300227316631,465.94772278666176,57.3671998748927,0.5353255504318529,0.07469687483709987,4.740208785930184,14.597110698141032,1.561779463113119,0.8632743911947628,0.43646255135536194,162.0181799332481,0.3335391507346623,0.69696,9.548755968952221,2.4962647214637186,0.40059853884937163,0.0233732575692072,4.277695462177238,704.5326502746703,-0.0830787664384514,0.371014763418466,results/lora_simb_ablation/embeddings/simdinov2_vitb16_lora_r2a2_frac100_seed0
simdinov2_vitb16_lora_r2,1.0,1,17598,768,408.083849503815,463.9786932912922,56.314241831064955,0.5313591790414257,0.0733258357175325,4.854548430771406,14.583089193834063,1.5690003387489968,0.8624522736885367,0.44355303049087524,158.20215020039709,0.329038860647513,0.69766,9.328146642467134,2.492253186388978,0.40124334295605707,0.020334285829028215,4.236054269964206,705.6666672570989,-0.08381975688990809,0.37083739418507555,results/lora_simb_ablation/embeddings/simdinov2_vitb16_lora_r2a2_frac100_seed1
simdinov2_vitb16_lora_r2,1.0,2,17598,768,406.25680567865555,462.9408359112847,55.39459308002196,0.528980215727416,0.0721283764062786,4.981363304029105,14.626819553816539,1.5632852582116745,0.8640601483297337,0.44884735345840454,154.17466125765492,0.33915498645878683,0.69544,9.504271225899583,2.4879105737725746,0.4019437075196941,0.020969322970005463,4.236662224802276,706.8983984151682,-0.0833163585306733,0.36535487485700757,results/lora_simb_ablation/embeddings/simdinov2_vitb16_lora_r2a2_frac100_seed2
simdinov2_vitb16_lora_r32,1.0,0,17598,768,437.08684962582316,487.80310142523035,61.27520420591563,0.5691235021169573,0.0797854221431193,5.198250739257108,15.075666538838554,1.4711521572499502,0.8497428303639658,0.3986223042011261,147.7420075565182,0.30968988548419785,0.69696,9.879406321542884,2.7689877589170386,0.3611428027369621,0.01965791506623724,4.387904044572263,635.141847173723,-0.08726902293571862,0.371202227213487,results/lora_simb_ablation/embeddings/simdinov2_vitb16_lora_r32a32_frac100_seed0
simdinov2_vitb16_lora_r32,1.0,1,17598,768,439.14210022492534,488.4196701618042,60.48869194805913,0.5717996096678716,0.07876131764070199,4.68582941573225,14.366868496949689,1.468327997388641,0.8470745084504525,0.3870048224925995,163.89841196982312,0.3250630157383063,0.69632,9.587884217971645,2.5436724366463137,0.39313238040903153,0.02663075097093584,4.3361387070011865,691.4019174256339,-0.08525069905435154,0.37561616718052315,results/lora_simb_ablation/embeddings/simdinov2_vitb16_lora_r32a32_frac100_seed1
simdinov2_vitb16_lora_r32,1.0,2,17598,768,435.5686262890635,484.6255349941431,59.86126662590265,0.5671466488138848,0.07794435758581074,5.427146716900408,15.419404014257033,1.472940530378376,0.8494916145234399,0.386747270822525,141.51082328554142,0.334222935602527,0.6955,9.83252016302857,2.568482193896646,0.38933499417510464,0.025846576610678927,4.354410642084366,684.7234542560216,-0.08781136044010404,0.357851603353209,results/lora_simb_ablation/embeddings/simdinov2_vitb16_lora_r32a32_frac100_seed2
simdinov2_vitb16_lora_r4,1.0,0,17598,768,432.706237997614,479.35938954848336,64.2394824544563,0.5634195807260599,0.08364515944590663,5.592468439260034,16.858625935775,1.522039619917181,0.8549621616610099,0.37624242901802063,137.32755192832482,0.3048659476223075,0.69702,9.599210529681214,2.8168265397960943,0.35500943557285336,0.023697879512871885,4.384038368556819,624.3550943421973,-0.0869028363327337,0.35245557619758544,results/lora_simb_ablation/embeddings/simdinov2_vitb16_lora_r4a4_frac100_seed0
simdinov2_vitb16_lora_r4,1.0,1,17598,768,414.85473196068875,468.29687762309044,56.393944358080404,0.5401754322404801,0.07342961504958385,4.79150776475662,14.434328990521978,1.5443629282650604,0.8600746538865254,0.42381200194358826,160.28357621559857,0.332200985683824,0.69774,9.47589501346631,2.4645143706216475,0.40575945180930506,0.02124486031141833,4.2527915367036835,713.6091478973127,-0.08363050497691962,0.37388053280548306,results/lora_simb_ablation/embeddings/simdinov2_vitb16_lora_r4a4_frac100_seed1
simdinov2_vitb16_lora_r4,1.0,2,17598,768,407.37731213221275,464.2324070188516,55.91069666594328,0.5304392085054853,0.07280038628378031,5.092404824433372,14.93130626664058,1.5571423553051356,0.8627949351091964,0.44998252391815186,150.8128333228996,0.3408450097243496,0.69408,9.495367106453564,2.494479554454214,0.4008852260239898,0.020756540785996435,4.2059978899945145,705.036847008672,-0.08396053357776422,0.35860633398601083,results/lora_simb_ablation/embeddings/simdinov2_vitb16_lora_r4a4_frac100_seed2
simdinov2_vitb16_lora_r8_b05,1.0,0,17598,768,422.1324498351854,473.2682403207776,63.94494604630665,0.5496516273895643,0.08326164849779512,5.631080642433856,17.10792267467109,1.5587234843700282,0.856699240066946,0.41350892186164856,136.3858997529924,0.29834712371182504,0.6973,9.46789699118489,2.821345032815992,0.3544408742526407,0.02132325912481185,4.369640581791592,623.3551655483383,-0.0858285326025931,0.35107986621824,results/lora_simb_ablation/embeddings/simdinov2_vitb16_lora_r8a8_b012345_frac100_seed0
simdinov2_vitb16_lora_r8_b05,1.0,1,17598,768,415.35785089521227,466.64273430663496,59.72708989232545,0.5408305350198076,0.07776964829729877,5.548737371878986,15.907293356065745,1.5764531746138029,0.8599901428390488,0.414156436920166,138.40986670088688,0.29872770227794565,0.69432,9.432444882123988,2.7613631542204944,0.3621399809261698,0.01674796525957239,4.414911666063547,636.8955844550836,-0.08406292355187028,0.3628374006539841,results/lora_simb_ablation/embeddings/simdinov2_vitb16_lora_r8a8_b012345_frac100_seed1
simdinov2_vitb16_lora_r8_b05,1.0,2,17598,768,417.2812190580207,468.951350663493,60.74451872751043,0.5433349206484644,0.07909442542644587,5.539329760813462,16.09428620349015,1.5677379565917238,0.8602391780950525,0.41606542468070984,138.64493235860678,0.29186921764678964,0.69368,9.539597706905791,2.8502885892547507,0.3508416669699799,0.01588991799557853,4.332569610404367,617.0252397003185,-0.08510661320655054,0.3604374909371282,results/lora_simb_ablation/embeddings/simdinov2_vitb16_lora_r8a8_b012345_frac100_seed2
simdinov2_vitb16_lora_r8_b611,1.0,0,17598,768,419.39108804676164,476.1414103211588,58.1521050496783,0.5460821458942209,0.07571888678343529,4.57300058350528,14.108628101406033,1.5183873243960258,0.8572353092073117,0.4442310631275177,167.9422484156596,0.329504314033118,0.69752,9.695754939044244,2.4812356758197436,0.4030249966759888,0.022928839283119097,4.327567973455394,708.8000616543453,-0.08333558292426671,0.3829262214200673,results/lora_simb_ablation/embeddings/simdinov2_vitb16_lora_r8a8_b67891011_frac100_seed0
simdinov2_vitb16_lora_r8_b611,1.0,1,17598,768,432.1841488767453,483.46347175687777,59.06168017077083,0.5627397771832622,0.07690322938902451,4.59344445005496,14.150897946766092,1.4863038081092643,0.8495768901862095,0.4025305509567261,167.19479430970608,0.33429663481008814,0.69596,9.593233955915643,2.417522957654072,0.41364653718530614,0.0248528114152271,4.312387055758151,727.4801649480969,-0.08479350329774593,0.3766383464890369,results/lora_simb_ablation/embeddings/simdinov2_vitb16_lora_r8a8_b67891011_frac100_seed1
simdinov2_vitb16_lora_r8_b611,1.0,2,17598,768,418.08496013281103,473.8440221540796,54.857741218443664,0.5443814585062644,0.07142935054484852,4.633331960769826,13.5521317103075,1.5126192118652841,0.8560563057055656,0.43489620089530945,165.75544478630388,0.34440636151926085,0.69728,9.66562050704496,2.3785910666394203,0.42041694935499113,0.02591288676669002,4.286254726518187,739.3872888309321,-0.08543847924401012,0.3769783983208657,results/lora_simb_ablation/embeddings/simdinov2_vitb16_lora_r8a8_b67891011_frac100_seed2
simdinov2_vitb16_lora_r8_b911,1.0,0,17598,768,440.65170023366477,498.1756440823885,68.66915933318349,0.573765234679251,0.08941296788174934,4.842145510307681,15.877394740785682,1.4608512845994377,0.8435877570695554,0.44956302642822266,158.60737732171117,0.3037684774611738,0.68978,9.804576047374,2.7299235482847553,0.3663106245696683,0.015729854273635966,4.53072953915908,644.2304954309099,-0.08394698836994484,0.3871073309674152,results/lora_simb_ablation/embeddings/simdinov2_vitb16_lora_r8a8_b91011_frac100_seed0
simdinov2_vitb16_lora_r8_b911,1.0,1,17598,768,441.42319832226264,496.9944515148421,64.92050607545164,0.5747697894821128,0.08453190895241099,4.570927462314408,14.523121243076726,1.4590665045184863,0.8414586398107722,0.4333227574825287,168.01841777885858,0.31133332536057545,0.69228,9.65872825926423,2.6030227839626505,0.3841687464899133,0.015154059442065831,4.617791023531551,675.6375744520681,-0.08393967477659776,0.39991635657862434,results/lora_simb_ablation/embeddings/simdinov2_vitb16_lora_r8a8_b91011_frac100_seed1
simdinov2_vitb16_lora_r8_b911,1.0,2,17598,768,438.1653476109076,496.9699219936411,67.98615574864483,0.5705277963683693,0.08852364029771463,4.955403180395276,16.049438244570023,1.4601718093371938,0.8438357356621566,0.45839765667915344,154.98234392680422,0.3200171386382825,0.69324,9.899363438592852,2.663530235436712,0.37544158001107303,0.02147852802956592,4.600931679873124,660.2891067657205,-0.08460572486864308,0.3723269717567965,results/lora_simb_ablation/embeddings/simdinov2_vitb16_lora_r8a8_b91011_frac100_seed2
simdinov2_vitb16_lora_r8_qkv,1.0,0,17598,768,421.8912900571223,475.08765465496697,58.21136009331897,0.549337617261878,0.07579604178817574,4.861007587231131,14.57571713637936,1.5206436358446407,0.8577281583537673,0.42035242915153503,157.99193607872127,0.3232429921696464,0.69802,9.703766617321499,2.6065597704945493,0.3836474464615418,0.01979409225118926,4.3271555448762,674.7207640921708,-0.0852579622713201,0.37440590753216363,results/lora_simb_ablation_qkv/embeddings/simdinov2_vitb16_lora_r8a8_frac100_seed0
simdinov2_vitb16_lora_r8_qkv,1.0,1,17598,768,424.7626545194476,476.0143497618518,57.096268257507965,0.5530763730721974,0.07434409929363016,4.5994620777776944,14.011184305558578,1.5123710481911525,0.8553852264575849,0.40422675013542175,166.97604785363765,0.33580843194836374,0.69894,9.52939780201454,2.4102191311198102,0.414900034228413,0.021346439894909756,4.261907818159923,729.6846901978109,-0.08369787616426355,0.37720366392297244,results/lora_simb_ablation_qkv/embeddings/simdinov2_vitb16_lora_r8a8_frac100_seed1
simdinov2_vitb16_lora_r8_qkv,1.0,2,17598,768,423.033319066538,474.9095528655779,59.06096741821089,0.5508246342012214,0.07690230132579544,5.479327520104579,15.687772823927155,1.5180664790292058,0.8564060560330032,0.4125834107398987,140.16318557014125,0.3363755841709861,0.69898,9.759977046319428,2.5763525200928172,0.3881456408626818,0.022647642479960144,4.255327133532825,682.6317385854617,-0.08684832291109668,0.3510178484336088,results/lora_simb_ablation_qkv/embeddings/simdinov2_vitb16_lora_r8a8_frac100_seed2
simdinov2_vitb16_lora_r8_rslora,1.0,0,17598,768,431.400098779723,483.6114177448794,60.374985700842416,0.561718878619431,0.07861326263130523,5.009989258496638,14.958367581114263,1.48571700315779,0.8523366979359354,0.41028261184692383,153.2937418373739,0.31156244296467034,0.69598,9.786194062609468,2.7018711606000685,0.3701138731491313,0.018551480217758137,4.368523556933251,650.9192687076164,-0.08625761471889906,0.37088332225559656,results/lora_simb_ablation/embeddings/simdinov2_vitb16_lora_r8a22_frac100_seed0
simdinov2_vitb16_lora_r8_rslora,1.0,1,17598,768,439.9557654688116,486.993649620878,58.79250910436757,0.5728590696208484,0.07655274622964527,4.520791184161157,13.779410576900569,1.4724948610745778,0.8458274649716133,0.36927980184555054,169.88176819374684,0.33652491297227655,0.6988,9.683958354521616,2.446144446947856,0.40880660226231846,0.027307742908783662,4.350078266641687,718.9681713990318,-0.08685279582688436,0.3809178786309405,results/lora_simb_ablation/embeddings/simdinov2_vitb16_lora_r8a22_frac100_seed1
simdinov2_vitb16_lora_r8_rslora,1.0,2,17598,768,442.0087290663954,489.1842381578886,63.693123123820236,0.5755321993052024,0.08293375406747426,5.358455781622231,16.037564925220835,1.4725727395704609,0.8476312884224432,0.3744227886199951,143.3248740493467,0.31753240814384265,0.69712,9.697584477940273,2.659686947119109,0.3759840988364413,0.025951230325999476,4.359075368540895,661.2432346238961,-0.08770814641136514,0.35554141364480196,results/lora_simb_ablation/embeddings/simdinov2_vitb16_lora_r8a22_frac100_seed2
simdinov2_vitb16_lora_r8_s2,1.0,0,17598,768,427.568059371897,480.4537256379269,60.324867575938626,0.5567292439738242,0.07854800465617008,4.989871386451696,15.068473630911667,1.5011266546127608,0.8553727822524644,0.41688719391822815,153.9117825932836,0.31251521886554046,0.696,9.725937350047337,2.6834941189837305,0.3726484783124245,0.019133396490118776,4.368691545147622,655.3768788083033,-0.08557329719162138,0.37060662710262776,results/lora_simb_ablation/embeddings/simdinov2_vitb16_lora_r8a16_frac100_seed0
simdinov2_vitb16_lora_r8_s2,1.0,1,17598,768,435.90742134667266,483.9435231237898,57.867070886200835,0.5675877882118133,0.07534774854974068,4.496290432598183,13.689105465290536,1.4813409513373657,0.848568277753631,0.37733665108680725,170.80747151740616,0.34176428743760895,0.69948,9.692455104152849,2.4110999985839237,0.41474845530542104,0.027481128093753023,4.338595425807018,729.4181083459454,-0.08612613162973268,0.3789905492682422,results/lora_simb_ablation/embeddings/simdinov2_vitb16_lora_r8a16_frac100_seed1
simdinov2_vitb16_lora_r8_s2,1.0,2,17598,768,436.6228165363984,484.5339650511105,61.39965189624516,0.568519292365102,0.07994746340656922,5.2424229525940325,15.54709585301966,1.485070998605599,0.8507479522841168,0.3799239695072174,146.49714587030442,0.32406118743033024,0.69744,9.672375534313671,2.602133058059376,0.384300102142124,0.026108805346662965,4.325433659429222,675.8685896376116,-0.08749601380551325,0.3571303469039916,results/lora_simb_ablation/embeddings/simdinov2_vitb16_lora_r8a16_frac100_seed2
simdinov2_vitb16_mhsa,1.0,0,17598,768,482.5037018010347,522.1390954648701,86.63472601318874,0.628260028386764,0.11280563282967283,6.815812255428533,20.829775140713448,1.3999903691819868,0.8291015311468295,0.3209356963634491,112.67916004997315,0.26024941489089115,0.69782,9.589078141837756,3.385233191143986,0.2954006248715086,0.0234355778789063,4.5689166832611505,519.5210789616743,-0.09065318382861463,0.345723164420462,ft_ssl_results/simdinov2_vitb16_mhsa_embeddings/simdinov2_vitb16_mhsa_frac100_seed0
simdinov2_vitb16_mhsa,1.0,1,17598,768,475.23677008664424,516.281434428537,77.94579732685645,0.6187978777169847,0.10149192360267767,5.803883985870337,17.980913896669858,1.4068578953333588,0.8308613917219242,0.32824280858039856,132.32518118379178,0.2717502195700491,0.69724,9.537380132768115,3.0442118508785776,0.32849224987776904,0.019867176803230153,4.495667566608787,577.7193198602209,-0.08842151369533276,0.36216235688270415,ft_ssl_results/simdinov2_vitb16_mhsa_embeddings/simdinov2_vitb16_mhsa_frac100_seed1
simdinov2_vitb16_mhsa,1.0,2,17598,768,484.1197356148298,523.5151846951616,89.53276475356057,0.6303642390818096,0.11657912077286532,6.784302928283186,21.656094668340025,1.4019468547409837,0.828852215992902,0.3200490176677704,113.20249230002287,0.25438397605567775,0.70096,9.53616972357197,3.4141607867241297,0.29289774631826937,0.02226670365268736,4.632146470310459,515.1192664500899,-0.08894545663011313,0.3524553132704604,ft_ssl_results/simdinov2_vitb16_mhsa_embeddings/simdinov2_vitb16_mhsa_frac100_seed2
simdinov2_vitb16_norm_tuning,1.0,0,17598,768,421.3060513778148,481.4258674976414,68.9087918740819,0.5485755877315297,0.08972498941937747,5.418342085186494,17.266866096977555,1.5574619453231804,0.8554187510350149,0.4774898290634155,141.74077382446518,0.2791638504328157,0.68504,9.127929113175172,2.9391529828910006,0.3402340762188033,0.01472663678717744,4.56873085269329,598.3696698462113,-0.08464411221088194,0.366119448919996,results/lora_simb_ablation/embeddings/simdinov2_vitb16_norm_tuning_frac100_seed0
simdinov2_vitb16_norm_tuning,1.0,1,17598,768,419.3203389996118,479.08359073860925,68.20635937869042,0.5459900247390779,0.08881036377433649,5.591170891763358,17.447718863131065,1.5644117758194753,0.856513187086602,0.4759219288825989,137.3594216430373,0.2776616802204747,0.68778,9.089299717279655,2.925085906577194,0.3418703012281146,0.015267782339628829,4.505309099074819,601.2472987700888,-0.0855062177681293,0.35830014925612685,results/lora_simb_ablation/embeddings/simdinov2_vitb16_norm_tuning_frac100_seed1
simdinov2_vitb16_norm_tuning,1.0,2,17598,768,419.7170839518789,480.03278944494116,68.2208947942781,0.546506619729009,0.08882929009671627,5.490811243397349,17.307793325008763,1.557997316720395,0.8568948229467631,0.47881561517715454,139.87004214058769,0.28063725998697275,0.68618,9.144150742132629,2.918641580654274,0.34262514679020184,0.014535679567983567,4.544325712606271,602.5748456601328,-0.08468845885840154,0.36319995775294756,results/lora_simb_ablation/embeddings/simdinov2_vitb16_norm_tuning_frac100_seed2
simdinov2_vitl16_lora,1.0,0,17598,1024,578.3660799823256,621.2505979057696,78.81351604168736,0.5648106249827398,0.07696632425946032,6.067063386184085,17.95869909884162,1.602278347376481,0.9430167184955701,0.2820432484149933,168.78017169424214,0.2853696450019459,0.70088,9.533940836913521,3.203487889950454,0.3121597566005327,0.014822880687974592,4.619953450713087,548.9953639335272,-0.08489847238484079,0.361458519946931,ViTB_L_LoRA/lora_3models/embeddings/simdinov2_vitl16_lora_frac100_seed0
simdinov2_vitl16_lora,1.0,1,17598,1024,594.5036596805388,639.6246508237106,86.3499462088466,0.5805699801567762,0.08432611934457676,6.721316654923587,19.449867205962093,1.5548964606659228,0.9405146000505026,0.2975139021873474,152.35110210882357,0.27350795912343245,0.70014,9.641725371774035,3.298411772841954,0.3031762159695676,0.016364838076916452,4.600668396157309,533.1960110258394,-0.08848228427346505,0.3430140194496876,ViTB_L_LoRA/lora_3models/embeddings/simdinov2_vitl16_lora_frac100_seed1
simdinov2_vitl16_lora,1.0,2,17598,1024,587.0579126274481,633.9447673696237,83.44090473440241,0.5732987428002423,0.08148525852968985,6.2628119700659655,18.888846724033378,1.5622272206145653,0.9441533133370436,0.3097550570964813,163.50482896410736,0.28632910508810433,0.7025,9.423296797483662,3.1793623061194265,0.3145284820402354,0.014355123422997627,4.619028599363865,553.161241364335,-0.08755999572353546,0.35516205350215163,ViTB_L_LoRA/lora_3models/embeddings/simdinov2_vitl16_lora_frac100_seed2
vitb16_full_old,0.01,0,17598,768,414.415348906232,475.0099533552863,61.150366815477504,0.5396033188883229,0.079622873457653,4.714247411208401,14.969166912394641,1.533225250085631,0.8720779832979217,0.4790208041667938,162.91041453913402,0.28996089688565246,0.65328,12.848643012277064,2.78237079712608,0.35940572731447,0.012485571911023468,4.942863919151207,632.0868526281848,-0.07923358504517568,0.40406275878121545,sota_screening/full/embeddings/vitb16_full_frac001_seed0
vitb16_full_old,0.01,1,17598,768,390.3563877151202,454.20977117658276,48.8425626080235,0.5082765465040627,0.06359708672919727,4.04846461119767,12.051849537072357,1.5568052268476174,0.8798495798751613,0.4960538446903229,189.701547069421,0.32493483672969603,0.64732,13.361165428404005,2.5145360378482704,0.39768767873985955,0.020682416393787862,5.25392405381257,699.413320600068,-0.08114577150298478,0.4366306733327844,sota_screening/full/embeddings/vitb16_full_frac001_seed1
vitb16_full_old,0.01,2,17598,768,358.6569223647838,421.77271627259023,35.43404104301731,0.4670012009958122,0.046138074274762124,3.337260545333876,8.926979480783881,1.6234825946768519,0.8908800567762472,0.48999422788619995,230.12887054138156,0.36726891509909837,0.6416,13.504991992168643,2.1940310216206034,0.4557820696905654,0.008621736389065148,4.94744319899167,801.5839259651617,-0.07033955577039475,0.4892118099695954,sota_screening/full/embeddings/vitb16_full_frac001_seed2
vitb16_full_old,0.05,0,17598,768,389.96649972094434,458.3021580017633,52.31091784259637,0.5077688798449796,0.06811317427421403,4.909588140403747,14.055646243453653,1.5699698180455874,0.8736860607549078,0.5274426937103271,156.42860012629134,0.3460674604649644,0.6698,11.658913345632662,2.3930019287248285,0.41788516256334873,0.02022376095977159,4.451727865797313,734.9346354004675,-0.07718673214629024,0.3686528153663682,sota_screening/full/embeddings/vitb16_full_frac005_seed0
vitb16_full_old,0.05,1,17598,768,425.2091782437369,478.6191115330627,57.561474326917065,0.5536577841715324,0.07494983636317326,4.845888482640492,14.782318448689269,1.47086844706704,0.865671476617756,0.4203311502933502,158.48486871937297,0.3465932491034666,0.67262,12.345302160616654,2.4189719995714025,0.4133987496245381,0.030437012914072085,4.695202798467637,727.0443809649748,-0.07867392728424596,0.36808093892451504,sota_screening/full/embeddings/vitb16_full_frac005_seed1
vitb16_full_old,0.05,2,17598,768,402.2462077854419,463.41171426738265,54.43042706964041,0.5237580830539609,0.07087295191359429,4.7065636403624795,14.060587992280553,1.545659413927769,0.8729291177689659,0.48307353258132935,163.17637637230627,0.3208968244052455,0.66576,12.76021022975247,2.6712016830942313,0.3743633460283159,0.013316603445065679,4.532043315879478,658.3928166602443,-0.07801940384118276,0.4000929592337664,sota_screening/full/embeddings/vitb16_full_frac005_seed2
vitb16_full_old,0.1,0,17598,768,374.8271175970985,441.03117878425087,46.10058702491715,0.48805614270455533,0.060026806022027535,4.466257841866761,12.57404054805879,1.6106679022749864,0.880734125415318,0.5200493335723877,171.95603728937405,0.3621461245818987,0.66978,12.14006692766908,2.33801233225588,0.42771374051509015,0.01633986575239082,4.2905094863252495,752.220155444209,-0.07760657142038087,0.39294755013301563,sota_screening/full/embeddings/vitb16_full_frac010_seed0
vitb16_full_old,0.1,1,17598,768,352.33137215671445,421.322511493531,37.278438524293456,0.45876480749572196,0.04853963349517377,3.9728748543739503,10.60181757249018,1.6239055718302873,0.8880100529635951,0.5281040072441101,193.3108965550394,0.41450370442215145,0.67376,11.961350799888491,2.0459222134511124,0.4887771360147101,0.017643553046302878,4.32269384866143,859.6123491094886,-0.06926338948634482,0.3871583706251905,sota_screening/full/embeddings/vitb16_full_frac010_seed1
vitb16_full_old,0.1,2,17598,768,359.24327205546416,424.92863054732214,36.999911156776186,0.4677646771555523,0.04817696765205232,3.4223397052054847,9.298353131497828,1.6260959395366965,0.8878566704669928,0.5077317953109741,224.40788061800183,0.39995268994905286,0.6734,11.929382484874088,2.0508002689208293,0.4876145254875218,0.01805722552144651,4.414290144992647,857.5676659753209,-0.07291136046733775,0.4481343674825331,sota_screening/full/embeddings/vitb16_full_frac010_seed2
vitb16_full_old,0.25,0,17598,768,372.8050250821615,438.0312955510154,41.99716664974591,0.4854232097423978,0.05468381074185665,4.741391982785333,12.293361350033303,1.5716880211475326,0.8781905966306913,0.5085997581481934,161.97774889492217,0.3923252041532366,0.6761,11.231106279872053,2.2060148738869203,0.4533061004423701,0.013234941149535431,3.952035978961675,797.2294388483554,-0.07638144617486405,0.36080596260462,sota_screening/full/embeddings/vitb16_full_frac025_seed0
vitb16_full_old,0.25,1,17598,768,436.4104646843572,486.03005539202604,61.185799657879855,0.5682427925577568,0.07966900997119773,5.641642622747874,16.167078814437982,1.455170844551237,0.8561364322180385,0.3981521427631378,136.1305653965601,0.33075072510226156,0.67816,11.776120359317057,2.6018763913500345,0.3843380121070033,0.021382892519968534,4.1733373436696,675.935261892845,-0.07897905828572514,0.3447415271483322,sota_screening/full/embeddings/vitb16_full_frac025_seed1
vitb16_full_old,0.25,2,17598,768,411.05069538130397,469.36325064616904,52.31398339642975,0.5352222596110728,0.0681171658807679,4.5233074426380036,13.375544459620611,1.4962154321132815,0.8657447499785038,0.4592507779598236,169.78726512388036,0.35853921999616417,0.67714,11.793957364927495,2.3785748055581393,0.42041982352744495,0.023111365952183154,4.210634397792697,739.3923436380269,-0.07739775459798427,0.38054848016453363,sota_screening/full/embeddings/vitb16_full_frac025_seed2
vitb16_full_old,0.5,0,17598,768,394.1824553225255,456.53575176803713,49.86010866810756,0.5132584053678718,0.06492201649493172,5.41035486611627,14.31575251313084,1.5361707924538055,0.86945538167501,0.48956894874572754,141.95002342818512,0.3626773265635951,0.6774,11.341450394674185,2.4288191656613027,0.4117227063000859,0.01742738200283409,3.9034505265243307,724.0967235702573,-0.08015447078519418,0.3387347765372449,sota_screening/full/embeddings/vitb16_full_frac050_seed0
vitb16_full_old,0.5,1,17598,768,477.79579317302023,519.9961086476603,85.5806596144617,0.6221299390273701,0.11143315053966367,7.3506663935187255,22.387671738688482,1.373167374024747,0.8381549701940573,0.3454780578613281,104.48032312786847,0.26225706927423187,0.68052,12.461689775183286,3.3392544865285787,0.299468041155282,0.01614670900701101,4.502025078604863,526.6744439799512,-0.08722558464585835,0.3226874009466137,sota_screening/full/embeddings/vitb16_full_frac050_seed1
vitb16_full_old,0.5,2,17598,768,367.9555816810035,431.31029149769614,40.3767460531681,0.47910883031380663,0.05257388809006263,4.561481203771197,11.768979402326911,1.5936611626148773,0.8806879472397691,0.49616092443466187,168.36636296233277,0.3806445033052852,0.6714,11.55453076521242,2.2266658457436943,0.4491019619809888,0.021042606874451964,3.974185594474559,789.835620536317,-0.07692023497662219,0.3718737736625616,sota_screening/full/embeddings/vitb16_full_frac050_seed2
vitb16_full_old,0.7,0,17598,768,474.84067965143777,515.3700447031636,82.90437065946541,0.6182821349628096,0.10794839929617893,7.4236855982940355,22.365153569823807,1.3829291492680333,0.8401567009656574,0.3346764147281647,103.45265701668274,0.2689268097927566,0.67966,11.56776147977573,3.3244201255233445,0.3008043394762793,0.009951603220830352,4.230920039099351,529.0245918370905,-0.086966739766143,0.29905773913815314,sota_screening/full/embeddings/vitb16_full_frac070_seed0
vitb16_full_old,0.7,1,17598,768,407.75052382091434,459.6737102025714,52.14735428609291,0.5309251612251489,0.06790020089335015,5.500400446826757,15.074301714510597,1.52495007955089,0.8668091253415577,0.4160350561141968,139.62619766040268,0.3421356713808777,0.67938,11.669281516352996,2.4986238004963353,0.40022031319839196,0.01877349739646168,3.9543455222602657,703.8674648222916,-0.08492174973060343,0.3391354952480373,sota_screening/full/embeddings/vitb16_full_frac070_seed1
vitb16_full_old,0.7,2,17598,768,452.72421059778264,495.99801327483806,68.55209344588772,0.5894846492158629,0.08926053834099963,6.501463296102257,18.46008011860777,1.4268612933216815,0.8501540803058273,0.352081298828125,118.12725305400551,0.2945925973800454,0.68108,11.708698850786762,2.9255411887470504,0.3418170982675304,0.02329199235088126,4.234754207878587,601.15373072331,-0.08493902550106706,0.3313186672092425,sota_screening/full/embeddings/vitb16_full_frac070_seed2
vitb16_full_old,1.0,0,17598,768,476.0324088423011,514.1867440152226,82.34681794057919,0.6198338656800796,0.10722241919346248,7.202572173745889,21.506441762646755,1.3929345396544368,0.840754948386724,0.3144010305404663,106.62857399741699,0.25962685426694,0.68118,11.29091081897716,3.412489713393467,0.29304117638065535,0.015726473224471064,4.363399449173571,515.3715169008086,-0.0891364648588667,0.32432336766676645,sota_screening/full/embeddings/vitb16_full_frac100_seed0
vitb16_full_old,1.0,1,17598,768,371.2150147369939,430.7398054396434,42.07125253670792,0.4833528837721275,0.0547802767405051,5.492481755639792,13.07190616004723,1.5947377975649586,0.8798928300178295,0.4730958640575409,139.82750133150682,0.37453591082980814,0.67782,11.443392411551406,2.284649578029994,0.43770388667737903,0.021269275224563452,3.8570750570870023,769.7898254998403,-0.08209608472994487,0.34143742605775623,sota_screening/full/embeddings/vitb16_full_frac100_seed1
vitb16_full_old,1.0,2,17598,768,410.20016725104455,461.65011017164863,53.18389888253684,0.5341148011081309,0.0692498683366365,5.319205871261417,14.96669586673682,1.5222314420972853,0.8678605669095402,0.41400665044784546,144.3824545594949,0.32612263606773223,0.67948,11.302057662866755,2.7386792047810773,0.3651395162507075,0.019586901320973717,4.08295661284592,642.1708672303514,-0.08624069186281245,0.33333731189475185,sota_screening/full/embeddings/vitb16_full_frac100_seed2
vitb16_mhsa_old,0.01,0,17598,768,402.55947282227,465.97674901788054,61.45578828194983,0.5241659802373307,0.08002055765878884,4.759409450544973,15.1931390265202,1.5929449381257719,0.8768591710135606,0.5048757791519165,161.36455751081905,0.27334837565068776,0.64728,13.415575214439487,3.0280346743977367,0.33024720900812193,0.0031432174800607193,5.109093620692229,580.8057664827749,-0.07999453632470024,0.4183892909051789,sota_screening/mhsa/embeddings/vitb16_mhsa_frac001_seed0
vitb16_mhsa_old,0.01,1,17598,768,365.5553756224718,430.17002901528997,40.1227764065359,0.4759835620084268,0.05224319844601028,3.750778731604985,10.458673226223691,1.611445273878404,0.8879315112922305,0.5017997622489929,204.7574797011199,0.3244077866376024,0.6305,14.046880751348175,2.4620307424311516,0.4061687706678008,0.0012069615390065428,5.293851529519923,714.32901697375,-0.0749305916966027,0.47510260211544686,sota_screening/mhsa/embeddings/vitb16_mhsa_frac001_seed1
vitb16_mhsa_old,0.01,2,17598,768,380.1183321090789,443.18569748184,46.66905502718835,0.4949457449336965,0.060766998733318166,3.8023436770630483,11.23410657423319,1.6144883232587939,0.8857892909567731,0.5001811981201172,201.98069012878068,0.31323179159272013,0.64556,13.238331651874335,2.565464267373999,0.3897929948652947,0.0012003151050763632,5.178727243509861,685.5289400698599,-0.07173955049734118,0.4841823853137871,sota_screening/mhsa/embeddings/vitb16_mhsa_frac001_seed2
vitb16_mhsa_old,0.05,0,17598,768,397.65462533018194,466.3612807204351,62.25842710487095,0.517779460065341,0.08106566029280071,5.17382308635748,16.196143830827058,1.6037822019635473,0.8722901750759628,0.5402123332023621,148.439555659545,0.3015845485944493,0.6601,12.45518190907371,2.7566901652200673,0.3627538606319245,0.010647726049419087,4.837960439773898,637.9752146935957,-0.07528014566615973,0.38475113616261364,sota_screening/mhsa/embeddings/vitb16_mhsa_frac005_seed0
vitb16_mhsa_old,0.05,1,17598,768,393.31841967369706,455.2843985050957,52.223478378511054,0.5121333589501263,0.06799932080535294,4.351373198181679,13.260346516340423,1.5849209791952934,0.877684137228139,0.4880159795284271,176.4960082764049,0.3360883782107371,0.6618,12.89909343792329,2.480022258544248,0.4032221874438289,0.01563356776871449,4.838422165234221,709.1468610577467,-0.07316112595487075,0.4075589310390125,sota_screening/mhsa/embeddings/vitb16_mhsa_frac005_seed1
vitb16_mhsa_old,0.05,2,17598,768,403.73063840749137,468.31883749820156,61.95291659530637,0.5256909354264211,0.0806678601501385,4.641058743736932,14.705022249067998,1.6130167385756558,0.8723230740004946,0.5131030082702637,165.47948267976767,0.29311534040080856,0.66228,12.323030685251119,2.79066692858259,0.3583372812274493,0.012536504750851486,4.794715813921463,630.2077764949398,-0.07545695643736042,0.4240344975325108,sota_screening/mhsa/embeddings/vitb16_mhsa_frac005_seed2
vitb16_mhsa_old,0.1,0,17598,768,368.0412540304081,437.6290578391074,46.19820086193112,0.47922038285209384,0.060153907372306144,4.469800474324483,12.572250700013662,1.6457764540933466,0.8826057214483444,0.5408456325531006,171.819749989191,0.33892050471576624,0.66468,12.45384577263769,2.404012742754123,0.4159711727875237,0.012639458792920385,4.508774146621376,731.5685015817204,-0.07188906536147119,0.4082210000511104,sota_screening/mhsa/embeddings/vitb16_mhsa_frac010_seed0
vitb16_mhsa_old,0.1,1,17598,768,355.66723201598967,423.92410116206077,38.47833387419271,0.46310837502081986,0.05010199723202175,3.5828086629617646,9.88072937901734,1.653400801902371,0.8883882021420915,0.530999481678009,214.35696746505158,0.39676882222006404,0.65758,13.1660766792501,2.0236265379099962,0.49416232751736244,0.012859337482602613,4.540534793324382,869.0832854052128,-0.06637186663838131,0.43380638787449405,sota_screening/mhsa/embeddings/vitb16_mhsa_frac010_seed1
vitb16_mhsa_old,0.1,2,17598,768,398.5500368213282,458.45998613591297,54.22704201728682,0.5189453604444377,0.07060812762667555,4.448230084309835,13.4558548802736,1.6017565536403193,0.8742753128496293,0.48249551653862,172.65293958353303,0.33301889130963075,0.66884,12.256269707941197,2.5514280053592175,0.3919373769901131,0.009961715887965877,4.535243969983949,689.3002649127804,-0.075145613103435,0.42151660654758366,sota_screening/mhsa/embeddings/vitb16_mhsa_frac010_seed2
vitb16_mhsa_old,0.25,0,17598,768,412.78427468066366,467.88792544761384,55.31443038737958,0.5374795243237808,0.07202399790023382,5.28658979625547,14.711943495002224,1.5450939711274068,0.865723226277849,0.44335898756980896,145.27323465572834,0.34481203579380587,0.67478,11.854683783384555,2.4608888647657077,0.4063572371419544,0.017732021130597988,4.374475376442611,714.660472961844,-0.07878292764177973,0.3628634438449389,sota_screening/mhsa/embeddings/vitb16_mhsa_frac025_seed0
vitb16_mhsa_old,0.25,1,17598,768,402.0306166618237,457.3041962484445,46.948340444042636,0.5234773654450829,0.06113065161984718,4.156091596648626,11.759283946897078,1.5551161045566644,0.8701385791624854,0.44464439153671265,184.78899758111615,0.3885749851746216,0.6767,11.96854311672061,2.1247700149739805,0.4706391717466773,0.014424991232523167,4.242365378616048,827.713111351269,-0.06673472892330108,0.4012095417063228,sota_screening/mhsa/embeddings/vitb16_mhsa_frac025_seed1
vitb16_mhsa_old,0.25,2,17598,768,383.25391455175253,446.2189587376672,48.21084832716017,0.49902853457259444,0.06277454209265647,4.017633562463318,11.734642860619758,1.6626878119566828,0.8733504887646492,0.5056294202804565,191.15730393518487,0.35807305881370793,0.67138,11.856956869288608,2.28383975579807,0.43785909123476136,0.01009796818253638,4.528428122549226,770.0627837549099,-0.0668639234969543,0.4345588593814292,sota_screening/mhsa/embeddings/vitb16_mhsa_frac025_seed2
vitb16_mhsa_old,0.5,0,17598,768,375.08871694465296,438.3118740775254,42.71955207733786,0.4883967668550169,0.055624416767367006,4.3236691845216795,11.586738167120002,1.641868140135016,0.8729016634643207,0.49957695603370667,177.62691066868996,0.39366911261223675,0.67386,11.150360902893059,2.066455822842404,0.48392033787783517,0.014252515960757701,4.332123845992537,851.0706982261587,-0.07358380221840903,0.3881878033033293,sota_screening/mhsa/embeddings/vitb16_mhsa_frac050_seed0
vitb16_mhsa_old,0.5,1,17598,768,383.97765892127285,439.97272026980966,43.63940704012565,0.49997091005374067,0.056822144583496936,4.47415855236764,12.115195017752267,1.6062606961670447,0.8754284081591415,0.4505610466003418,171.652388043689,0.4027238075386398,0.67978,11.753554972616655,2.118128653258479,0.47211485405343606,0.012131163539218181,4.099213393064064,830.3083938241675,-0.07487281734909633,0.37455866445797975,sota_screening/mhsa/embeddings/vitb16_mhsa_frac050_seed1
vitb16_mhsa_old,0.5,2,17598,768,363.6337281646782,427.6987306899274,42.52781563673562,0.4734814168810914,0.05537475994366617,4.141347186974387,11.318022565672726,1.7154728043131233,0.8789330581023097,0.5152541995048523,185.44690056790208,0.3883146526029481,0.67342,11.627782207166664,2.1305150595494133,0.46937006876216236,0.01166750265283722,4.281116521817411,825.4811399324,-0.07019298814840608,0.40888864609116565,sota_screening/mhsa/embeddings/vitb16_mhsa_frac050_seed2
vitb16_mhsa_old,0.7,0,17598,768,365.36682928670893,427.7476944910678,39.66442667633885,0.47573805896706894,0.051646388901482876,4.276547424316884,11.163344685185605,1.6591996444764867,0.8788660345875026,0.4943915903568268,179.58411863576538,0.3916981375016001,0.67462,11.106391107301647,2.1167900314744337,0.47241341140622495,0.009031446296615269,4.052095589737979,830.8334666405179,-0.07648335138387134,0.38935244251197326,sota_screening/mhsa/embeddings/vitb16_mhsa_frac070_seed0
vitb16_mhsa_old,0.7,1,17598,768,371.2248086626189,427.6240641430153,38.01938721909766,0.48336563627945167,0.04950441044153341,4.43984624419217,11.245430054818524,1.6078299294141587,0.8791978263866627,0.45260101556777954,172.97896318023004,0.41445005779781263,0.67832,11.267495590711189,2.0306866521032574,0.49244426704817823,0.01515896651571625,4.048826762886363,866.0617324580547,-0.07226105581688781,0.3663854800895027,sota_screening/mhsa/embeddings/vitb16_mhsa_frac070_seed1
vitb16_mhsa_old,0.7,2,17598,768,367.59600501283734,423.8478063154063,39.54216607282644,0.47864063152713193,0.051487195407326096,4.403595448496456,11.269803121441845,1.670052805861667,0.881363047256776,0.4549637734889984,174.40294163766168,0.38812430036400286,0.66584,11.935148312117919,2.1813246247417193,0.4584370380534016,0.017471285310423388,4.1855953116481,806.2532188248842,-0.07643980113004276,0.4022690786533337,sota_screening/mhsa/embeddings/vitb16_mhsa_frac070_seed2
vitb16_mhsa_old,1.0,0,17598,768,417.8675051675049,463.1040010939352,50.54220568972327,0.5440983140201886,0.06581016365849383,4.8168626024419625,13.129445506824542,1.5498444267835791,0.8642902571531257,0.3711879253387451,159.43988097369726,0.35659822927656126,0.67614,11.325915628604388,2.330776171056848,0.42904162674107793,0.013048417887718478,4.247288830430131,754.555508949856,-0.0771817495946451,0.3809455089434952,sota_screening/mhsa/embeddings/vitb16_mhsa_frac100_seed0
vitb16_mhsa_old,1.0,1,17598,768,383.66435467736505,435.134404803964,39.847812432587155,0.49956296181948573,0.05188517243826452,4.424165757239118,11.424651305593077,1.588743357485906,0.8747177662112825,0.4129600524902344,173.59204924529482,0.4162777844223848,0.67922,11.511400553223744,2.0197270021798666,0.4951164186646102,0.02116447846823759,4.083069500201698,870.7612455058784,-0.07511132248728991,0.37857402127727946,sota_screening/mhsa/embeddings/vitb16_mhsa_frac100_seed1
vitb16_mhsa_old,1.0,2,17598,768,416.0471610271064,461.73914779328334,51.11168217068371,0.5417280742540448,0.06655166949307774,4.948516653592384,13.484392721702376,1.5566701428930096,0.8658956939352023,0.3775118291378021,155.1980227130223,0.34848175058470127,0.6806,11.521507257008878,2.422370284887348,0.4128188024095136,0.011208675703165794,4.209109454750111,726.0244277979099,-0.07612048631772905,0.3761566166261113,sota_screening/mhsa/embeddings/vitb16_mhsa_frac100_seed2
vitb16_scratch_old,0.01,0,17598,768,5.619084664353372,27.05743692119566,1.6437103434851683,0.007316516490043453,0.002140247843079646,1.1260056342608504,1.2604446778471705,2.127990661573848,0.9877144220523415,0.9522196054458618,682.0569778979323,0.6216131105245241,0.41016,7.003806445689025,1.286145355431279,0.7775170946085606,-0.18946434752968955,10.796422318017168,1367.4193142890504,-0.09447822469674107,0.8130576168455917,sota_screening/scratch/embeddings/vitb16_scratch_frac001_seed0
vitb16_scratch_old,0.01,1,17598,768,3.5383924225201326,25.285737516156388,1.8732792133416862,0.004607281800156422,0.0024391656423719873,1.243447760719019,1.4840573857639459,2.096279051841477,0.9800292039222005,0.9835906028747559,617.6375270931421,0.5311167626328136,0.39818,7.4424949517675705,1.4944629997785588,0.6691366732716068,-0.14511149871836193,10.509570683454285,1176.8106672833233,-0.09294126895786117,0.710360326825791,sota_screening/scratch/embeddings/vitb16_scratch_frac001_seed1
vitb16_scratch_old,0.01,2,17598,768,4.17373046959534,15.42765007624626,1.1747292492619774,0.005434544882285599,0.0015295953766431998,1.028867148628389,1.058115986929558,2.0000398462381543,0.9766088049284591,0.9351080060005188,746.452057511839,0.7172281660419432,0.41568,6.282360515072939,1.1871424714041838,0.8423588777986613,-0.21307844150189148,22.83795895951305,1481.4565583856868,-0.026331314517647485,0.8137755507406426,sota_screening/scratch/embeddings/vitb16_scratch_frac001_seed2
vitb16_scratch_old,0.05,0,17598,768,10.151896512401324,66.70559266644977,1.6385825504720957,0.013218615250522557,0.0021335710292605414,1.1229161637509406,1.2513727320697587,1.8799445479262071,0.9516990395764809,0.9503903388977051,683.9335159577772,0.6784728293633965,0.49242,7.470281359546587,1.184087634318092,0.8445320861534448,-0.1739830908402066,11.058975946096142,1485.278579919232,-0.051263691961966826,0.6991377665542234,sota_screening/scratch/embeddings/vitb16_scratch_frac005_seed0
vitb16_scratch_old,0.05,1,17598,768,10.756170716257548,48.86166692469219,2.2049619797336364,0.014005430620127017,0.002871044244444839,1.2255016001537145,1.4781429071329908,2.3643432834405433,0.9895124829938989,0.9360935688018799,626.6821682678096,0.4420017798849767,0.35868,10.017381265621806,1.3905763273979919,0.7191262933912109,-0.162058033509776,9.058649828463897,1264.7274121879618,-0.04442273776190009,0.7016051159323015,sota_screening/scratch/embeddings/vitb16_scratch_frac005_seed1
vitb16_scratch_old,0.05,2,17598,768,7.675371133588281,48.46211551050105,2.1271948660314974,0.009993972830193074,0.0027697849818118458,1.2244860392579573,1.4723191369893789,2.3123291676789792,0.9903669673297302,0.9644126892089844,627.2019242174542,0.5321131063800205,0.3817,11.221285976398477,1.2306215316639775,0.8125975161892733,-0.1254661783713796,13.046192702167438,1429.1152517231083,-0.045017824177850475,0.6953066503388198,sota_screening/scratch/embeddings/vitb16_scratch_frac005_seed2
vitb16_scratch_old,0.1,0,17598,768,12.89841945374175,88.73153397887472,1.864510813494998,0.01679481699705957,0.002427748455071612,1.1830564686197125,1.3744724052191433,1.7017776547367431,0.9432856926905461,0.9516948461532593,649.1659699862305,0.7338438742257912,0.47108,8.419801565221379,1.0072520147020538,0.9928001983642675,-0.1398992764333463,6.954380306809395,1746.0377088648736,-0.07966412208414832,0.6522435699027258,sota_screening/scratch/embeddings/vitb16_scratch_frac010_seed0
vitb16_scratch_old,0.1,1,17598,768,11.552837631651647,50.2682121087947,2.9726780894139457,0.015042757332879748,0.0038706745955910753,1.3789898693467855,1.82509184543648,2.7773600530693168,0.9897201984864215,0.9438000917434692,556.9293996074057,0.36600127135236127,0.36566,10.819662703467356,1.5209110607503848,0.6575006427436749,-0.12830590172252973,8.13896419544137,1156.3463803939628,-0.03765001537445022,0.6946539944388651,sota_screening/scratch/embeddings/vitb16_scratch_frac010_seed1
vitb16_scratch_old,0.1,2,17598,768,8.590307111907828,47.72880502925403,2.5840457608687375,0.011185295718629985,0.0033646429177978353,1.3512258395099814,1.728788349165498,2.708987403397864,0.9867351411241844,0.961351752281189,568.3727897614162,0.3740664411933973,0.36656,11.860770259620235,1.6950835580100885,0.589941419273361,-0.11906394939868407,11.163737831043441,1037.529974076546,-0.03308156213138621,0.7067298220314346,sota_screening/scratch/embeddings/vitb16_scratch_frac010_seed2
vitb16_scratch_old,0.25,0,17598,768,18.218951836053183,89.61596167741797,2.369576860525618,0.023722593536527583,0.0030853865371427316,1.3342407684575393,1.6805537466379674,1.7899464505731277,0.9490459003034848,0.9279630780220032,575.6082546389682,0.6168473234380139,0.48818,8.805404444684635,1.2502106801370774,0.7998651874334946,-0.1052262256714226,6.234525745515246,1406.7229051403544,-0.06952452197681594,0.6322904557636536,sota_screening/scratch/embeddings/vitb16_scratch_frac025_seed0
vitb16_scratch_old,0.25,1,17598,768,10.640015012714317,76.81648786492576,3.0418399939682144,0.013854186214471766,0.003960729158812779,1.4274015405993814,1.907503877938973,2.46478737422786,0.9823991304146098,0.9717918038368225,538.0406130691917,0.3808785800133904,0.36658,11.872353366706509,1.790847058412422,0.5583949758869622,-0.11995117828204206,7.682218706886797,982.0492440927967,-0.06787251765401107,0.6707025464469688,sota_screening/scratch/embeddings/vitb16_scratch_frac025_seed1
vitb16_scratch_old,0.25,2,17598,768,9.644025812367833,52.93892324488173,1.8999789984268673,0.012557325276520615,0.0024739309875349835,1.1402166257648623,1.2950451649113734,2.563871009049339,0.9887197920281531,0.9506548643112183,673.5562196217077,0.5167441095136235,0.38576,10.998830411750179,1.20466920927112,0.8301033946108871,-0.13750102546102946,12.84859028909603,1459.9028401032742,-0.006477176170215994,0.7780783134104752,sota_screening/scratch/embeddings/vitb16_scratch_frac025_seed2
vitb16_scratch_old,0.5,0,17598,768,22.407437647131143,103.02848671204107,2.859602203701883,0.029176351103035344,0.0037234403694034936,1.3914877407718456,1.8479463302865287,1.6634036451517946,0.960494127555689,0.9251219034194946,551.9272484384213,0.7166961374369628,0.45986,9.972621454467754,0.9977515263858417,1.0022535406398232,-0.1021104411655153,6.064343015522278,1762.6633019249596,-0.005368294469432464,0.693132557448556,sota_screening/scratch/embeddings/vitb16_scratch_frac050_seed0
vitb16_scratch_old,0.5,1,17598,768,23.599127241854912,91.13217702052093,3.6904235996888515,0.030728030262831916,0.004805239062094859,1.6543217655647922,2.3763921727134423,1.9727913591346724,0.9789239822554348,0.917748212814331,464.23858767148704,0.5202641272448437,0.46062,10.721334453668362,1.4545040116942032,0.6875195887803118,-0.09919865089820708,5.82174781704095,1209.1407007887165,-0.07286577233786931,0.6200757520445009,sota_screening/scratch/embeddings/vitb16_scratch_frac050_seed1
vitb16_scratch_old,0.5,2,17598,768,23.2851907434181,90.29743680980854,3.0681452618607907,0.030319258780492315,0.003994980809714571,1.4769123545108092,2.0268540316124106,1.7064927144963984,0.9629609154266876,0.9055871963500977,520.0037752100604,0.7068405875374955,0.47102,9.861756746840816,1.01968280651643,0.9806971281739527,-0.11979009553878656,5.95868757022528,1724.7520393211728,-0.02792326125200318,0.6406800924011867,sota_screening/scratch/embeddings/vitb16_scratch_frac050_seed2
vitb16_scratch_old,0.7,0,17598,768,25.484042499303634,92.73173462152137,3.34163697770064,0.03318234700430161,0.004351089814714375,1.473844842410037,2.041305309203331,2.0662248822159013,0.9780773167096957,0.9062113165855408,521.0860586546976,0.5704433799512323,0.45668,11.731617499766175,1.1593644064460422,0.8625415740203494,-0.10654816285841111,5.768345807083864,1516.951866230848,-0.017521823382075582,0.6862510240605616,sota_screening/scratch/embeddings/vitb16_scratch_frac070_seed0
vitb16_scratch_old,0.7,1,17598,768,26.220668622078154,93.13725081016247,3.244925669568231,0.03414149560166426,0.0042251636322503,1.479130777919528,2.0508527836193227,1.821725063693536,0.9698848429878604,0.89626544713974,519.2238654382073,0.6664592752513968,0.48386,10.377762721808903,1.0628355141909478,0.9408793615259268,-0.1002781532771094,5.541420509986379,1654.7245331171598,-0.0028733374762194164,0.6951343226142512,sota_screening/scratch/embeddings/vitb16_scratch_frac070_seed1
vitb16_scratch_old,0.7,2,17598,768,26.783184520734338,94.03209631468133,3.168227814096378,0.0348739381780395,0.0041252966329379925,1.4201687855357243,1.9166904544858103,2.054611100851107,0.9784749325476287,0.898171067237854,540.7807915664689,0.5904769687407095,0.4629,11.270804569224364,1.1071046019908977,0.9032570167270594,-0.08947662481929768,5.632257737598387,1588.5581153192688,-0.0034328830933863215,0.6894832546741585,sota_screening/scratch/embeddings/vitb16_scratch_frac070_seed2
vitb16_scratch_old,1.0,0,17598,768,36.44859439302751,102.03888376048367,3.8606252111525636,0.047459107282587905,0.005026855743688234,1.5631196108915557,2.28142866783959,1.852042976720436,0.9686321014185697,0.8549690246582031,491.32516452912796,0.7410483240562418,0.50772,10.55112028464237,0.9927689138457144,1.0072837556176766,-0.07238117299600454,5.223828821019072,1771.5099410065593,-0.03783319054890361,0.6174882905964691,sota_screening/scratch/embeddings/vitb16_scratch_frac100_seed0
vitb16_scratch_old,1.0,1,17598,768,32.68761751128897,118.7800413632154,4.689611721341073,0.04256200196782418,0.006106265262162856,1.878255381425711,2.9249329369076165,1.8425745551850345,0.969158210243647,0.9155426025390625,408.8900836355069,0.569897920691944,0.48998,10.158525007589162,1.3582856624831898,0.7362221568113179,-0.08863789122443808,5.587543094368423,1294.7939071849694,-0.05377263762451878,0.5703908991136559,sota_screening/scratch/embeddings/vitb16_scratch_frac100_seed1
vitb16_scratch_old,1.0,2,17598,768,34.77786031286271,104.64599300777944,4.568639140597551,0.045283672282373316,0.005948748880986394,1.9156066628114161,2.983476595924074,1.8523056267989013,0.9684958841595389,0.879721462726593,400.9173777214026,0.551374562986632,0.50496,10.029694262839035,1.4209048530695085,0.7037768910698328,-0.06896532120734634,5.50110399884726,1237.7324183253522,-0.04698239658058833,0.5673361231249013,sota_screening/scratch/embeddings/vitb16_scratch_frac100_seed2
