model,display,layer,dim,rankme_sigma_raw,eff_rank_sigma2,aniso_cosine,silhouette,knn_purity,fisher_ratio,nc1_canonical,f1_macro_pres,best_C,source
dinov3_vitl16_lvd,DINOv3 ViT-L/16 LVD,0,1024,2.3637349317296295,4.092944404767493,0.9961755871772766,-0.08660825473055084,0.509,0.2314495985327776,2.618075744336826,,,"recalcul 2026-07-25 (test, n=17598)"
dinov3_vitl16_lvd,DINOv3 ViT-L/16 LVD,1,1024,3.193883677698292,5.2849358565787306,0.9961104393005371,-0.08277302883821422,0.50788,0.21063078263583965,2.7860242454170105,,,"recalcul 2026-07-25 (test, n=17598)"
dinov3_vitl16_lvd,DINOv3 ViT-L/16 LVD,2,1024,8.815378378888312,8.562328966667842,0.9910842776298523,-0.048142449909263765,0.57224,0.30234992335293903,2.2537743407890876,,,"recalcul 2026-07-25 (test, n=17598)"
dinov3_vitl16_lvd,DINOv3 ViT-L/16 LVD,3,1024,12.715153282597534,9.17200164018096,0.9910417795181274,-0.049633679255554314,0.5709,0.27610339126601957,2.301507997149039,,,"recalcul 2026-07-25 (test, n=17598)"
dinov3_vitl16_lvd,DINOv3 ViT-L/16 LVD,4,1024,16.8839507362461,10.370820423891569,0.9917446970939636,-0.041832648683228044,0.5845,0.2677488769265941,2.2124695631792597,,,"recalcul 2026-07-25 (test, n=17598)"
dinov3_vitl16_lvd,DINOv3 ViT-L/16 LVD,5,1024,13.789479221523527,12.542525049143954,0.9942155480384827,-0.03649076207555076,0.58134,0.27542355646988254,2.494885468017762,,,"recalcul 2026-07-25 (test, n=17598)"
dinov3_vitl16_lvd,DINOv3 ViT-L/16 LVD,6,1024,18.524166500817433,16.670962745964392,0.9946979284286499,-0.03238235296961204,0.60856,0.26350114834747623,2.56700627034409,,,"recalcul 2026-07-25 (test, n=17598)"
dinov3_vitl16_lvd,DINOv3 ViT-L/16 LVD,7,1024,36.17813921571099,21.78286742721274,0.9910516738891602,-0.02747273741450206,0.6184,0.23501176985524605,2.9826248259531853,,,"recalcul 2026-07-25 (test, n=17598)"
dinov3_vitl16_lvd,DINOv3 ViT-L/16 LVD,8,1024,62.277621466457525,30.00128773818915,0.9863269329071045,-0.03433917292506591,0.6248,0.22076884683944226,3.0204048343077243,,,"recalcul 2026-07-25 (test, n=17598)"
dinov3_vitl16_lvd,DINOv3 ViT-L/16 LVD,9,1024,74.31395441902181,26.439006679391657,0.9813234210014343,-0.03961077942348256,0.61332,0.2032181421898992,3.067082143676095,,,"recalcul 2026-07-25 (test, n=17598)"
dinov3_vitl16_lvd,DINOv3 ViT-L/16 LVD,10,1024,96.83964554028627,34.91222950604333,0.9793950319290161,-0.033782681805683064,0.61758,0.20016463464988501,3.320717841867384,,,"recalcul 2026-07-25 (test, n=17598)"
dinov3_vitl16_lvd,DINOv3 ViT-L/16 LVD,11,1024,155.24237650790738,44.16761158249652,0.9604701399803162,-0.03537148828368608,0.6104,0.1803442320482991,4.208085205975303,,,"recalcul 2026-07-25 (test, n=17598)"
dinov3_vitl16_lvd,DINOv3 ViT-L/16 LVD,12,1024,170.41315813591598,45.04650880269007,0.956210732460022,-0.03278993245596409,0.61488,0.1926842049272479,3.8472077337814516,,,"recalcul 2026-07-25 (test, n=17598)"
dinov3_vitl16_lvd,DINOv3 ViT-L/16 LVD,13,1024,178.7035962586864,51.83490452672051,0.9606543183326721,-0.03174138853992491,0.60888,0.1737833990805707,4.4834057682026485,,,"recalcul 2026-07-25 (test, n=17598)"
dinov3_vitl16_lvd,DINOv3 ViT-L/16 LVD,14,1024,151.963596600866,46.34205693769284,0.9689521193504333,-0.03424846290141376,0.61178,0.17749363315261682,4.456830596667069,,,"recalcul 2026-07-25 (test, n=17598)"
dinov3_vitl16_lvd,DINOv3 ViT-L/16 LVD,15,1024,183.22177507450346,46.535004437853274,0.958652913570404,-0.03422802899882216,0.60666,0.1718011268607606,4.822430114416883,,,"recalcul 2026-07-25 (test, n=17598)"
dinov3_vitl16_lvd,DINOv3 ViT-L/16 LVD,16,1024,205.70951117820522,45.639922464479284,0.9474814534187317,-0.026136722454390058,0.58862,0.1555231214128153,5.510566572308234,,,"recalcul 2026-07-25 (test, n=17598)"
dinov3_vitl16_lvd,DINOv3 ViT-L/16 LVD,17,1024,235.3864293758781,39.31279720681281,0.91037517786026,-0.02720562692439559,0.56756,0.135898870256925,6.284546750406904,,,"recalcul 2026-07-25 (test, n=17598)"
dinov3_vitl16_lvd,DINOv3 ViT-L/16 LVD,18,1024,229.327211749955,42.16081783170049,0.9270246028900146,-0.02805795259965887,0.55982,0.1240078162681514,6.973978025513808,,,"recalcul 2026-07-25 (test, n=17598)"
dinov3_vitl16_lvd,DINOv3 ViT-L/16 LVD,19,1024,210.8075385812187,43.26582651704612,0.9389050602912903,-0.02449708400086657,0.5513,0.1216716177721789,7.614274989307687,,,"recalcul 2026-07-25 (test, n=17598)"
dinov3_vitl16_lvd,DINOv3 ViT-L/16 LVD,20,1024,165.402425784351,51.91336681992839,0.9702905416488647,-0.011928027848814087,0.58076,0.1391260661807634,6.713681812096595,,,"recalcul 2026-07-25 (test, n=17598)"
dinov3_vitl16_lvd,DINOv3 ViT-L/16 LVD,21,1024,202.37611902095531,60.73386825737213,0.9607490301132202,-0.0010539644420463645,0.5984,0.16421928874676328,5.594461556794196,,,"recalcul 2026-07-25 (test, n=17598)"
dinov3_vitl16_lvd,DINOv3 ViT-L/16 LVD,22,1024,162.59813228871857,79.39641023844234,0.9786597490310669,0.0032935082293146594,0.60406,0.1763236724337203,5.007510126735332,,,"recalcul 2026-07-25 (test, n=17598)"
dinov3_vitl16_lvd,DINOv3 ViT-L/16 LVD,23,1024,360.6870881990568,56.36351466934835,0.8085354566574097,0.006093028119455236,0.60138,0.2382686866803481,3.500511829951258,,,"recalcul 2026-07-25 (test, n=17598)"
dinov3_vitl16_sat,DINOv3 ViT-L/16 SAT,0,1024,2.2011008485830064,2.0740724264996064,0.9941052794456482,-0.16293155019749622,0.2983,0.07698293298594916,5.679882580408157,,,"recalcul 2026-07-25 (test, n=17598)"
dinov3_vitl16_sat,DINOv3 ViT-L/16 SAT,1,1024,2.8150825064729457,3.3162890713780633,0.9949696063995361,-0.09769244403026488,0.39274,0.17665608762631768,3.9352168816896533,,,"recalcul 2026-07-25 (test, n=17598)"
dinov3_vitl16_sat,DINOv3 ViT-L/16 SAT,2,1024,6.076204742281114,6.008745450207849,0.9870925545692444,-0.06158201667639203,0.43196,0.15930061852552352,3.6508070052896167,,,"recalcul 2026-07-25 (test, n=17598)"
dinov3_vitl16_sat,DINOv3 ViT-L/16 SAT,3,1024,10.050561533066993,8.230099039801836,0.9812971949577332,-0.04167058342344132,0.46138,0.18775723574505676,2.6595488977707156,,,"recalcul 2026-07-25 (test, n=17598)"
dinov3_vitl16_sat,DINOv3 ViT-L/16 SAT,4,1024,13.414126940235574,9.152363215519312,0.9764655232429504,-0.03962721632208921,0.45628,0.28483743515405197,3.188810172404365,,,"recalcul 2026-07-25 (test, n=17598)"
dinov3_vitl16_sat,DINOv3 ViT-L/16 SAT,5,1024,13.356664039034746,10.539057191864044,0.9905654191970825,-0.03400664794427604,0.46988,0.23829728041412993,3.5690538240145373,,,"recalcul 2026-07-25 (test, n=17598)"
dinov3_vitl16_sat,DINOv3 ViT-L/16 SAT,6,1024,15.550771181158263,11.816897284047734,0.9927203059196472,-0.03593391972573273,0.47918,0.2103070089764729,3.4342034455206005,,,"recalcul 2026-07-25 (test, n=17598)"
dinov3_vitl16_sat,DINOv3 ViT-L/16 SAT,7,1024,16.103701893644487,11.599801779895358,0.9917781949043274,-0.04695249003582349,0.54168,0.28585576765373033,3.241339708382512,,,"recalcul 2026-07-25 (test, n=17598)"
dinov3_vitl16_sat,DINOv3 ViT-L/16 SAT,8,1024,22.87489359428824,12.238431622949312,0.9877479672431946,-0.04326282741461966,0.59526,0.36074922819743666,2.7572181731931256,,,"recalcul 2026-07-25 (test, n=17598)"
dinov3_vitl16_sat,DINOv3 ViT-L/16 SAT,9,1024,34.341703121612426,14.441427276109644,0.9867679476737976,-0.04009576271748558,0.61234,0.3255191087543852,2.87159460805211,,,"recalcul 2026-07-25 (test, n=17598)"
dinov3_vitl16_sat,DINOv3 ViT-L/16 SAT,10,1024,48.0198691406675,17.526686375503225,0.984812319278717,-0.034044053048678004,0.62908,0.3182814085933708,2.6933438352138865,,,"recalcul 2026-07-25 (test, n=17598)"
dinov3_vitl16_sat,DINOv3 ViT-L/16 SAT,11,1024,68.95194336746744,23.18010967840458,0.9822718501091003,-0.02418310577955332,0.63858,0.28011432490722044,2.7531247851796334,,,"recalcul 2026-07-25 (test, n=17598)"
dinov3_vitl16_sat,DINOv3 ViT-L/16 SAT,12,1024,59.841360962357705,22.927932554250802,0.9855560660362244,-0.019534799902438095,0.63774,0.27729165477052414,2.601319027235542,,,"recalcul 2026-07-25 (test, n=17598)"
dinov3_vitl16_sat,DINOv3 ViT-L/16 SAT,13,1024,66.66395542435178,25.20987667918055,0.9850965738296509,-0.01821919757229869,0.63812,0.26494536182919226,2.6359217644790216,,,"recalcul 2026-07-25 (test, n=17598)"
dinov3_vitl16_sat,DINOv3 ViT-L/16 SAT,14,1024,81.18296981515577,28.924846283411114,0.9834691286087036,-0.023097038361848624,0.63914,0.24752428422370493,2.8831620986905104,,,"recalcul 2026-07-25 (test, n=17598)"
dinov3_vitl16_sat,DINOv3 ViT-L/16 SAT,15,1024,103.75801053731755,32.45192865662474,0.980471670627594,-0.021223544093971418,0.64208,0.25601421928864876,2.7838961262649273,,,"recalcul 2026-07-25 (test, n=17598)"
dinov3_vitl16_sat,DINOv3 ViT-L/16 SAT,16,1024,121.71198300643049,37.00467514235067,0.9787136912345886,-0.017748167118428963,0.64778,0.26149417625015026,2.828090583620426,,,"recalcul 2026-07-25 (test, n=17598)"
dinov3_vitl16_sat,DINOv3 ViT-L/16 SAT,17,1024,151.64933245563506,41.3339297003844,0.9719316363334656,-0.016726927860786268,0.6464,0.2640876569260188,2.9550916308363933,,,"recalcul 2026-07-25 (test, n=17598)"
dinov3_vitl16_sat,DINOv3 ViT-L/16 SAT,18,1024,174.8098758697901,47.92627633782163,0.968147873878479,-0.013233335014102272,0.64366,0.25121928355180034,3.210929426191058,,,"recalcul 2026-07-25 (test, n=17598)"
dinov3_vitl16_sat,DINOv3 ViT-L/16 SAT,19,1024,192.6611994491487,52.00589701289249,0.9645264744758606,-0.012587329582167388,0.64118,0.24067396485660741,3.4310272760605587,,,"recalcul 2026-07-25 (test, n=17598)"
dinov3_vitl16_sat,DINOv3 ViT-L/16 SAT,20,1024,207.2396837786015,52.196377155197965,0.9589750170707703,-0.013160098120816,0.6401,0.2446306645129622,3.4233429604723122,,,"recalcul 2026-07-25 (test, n=17598)"
dinov3_vitl16_sat,DINOv3 ViT-L/16 SAT,21,1024,227.88569717921558,51.278871557169374,0.9483391642570496,-0.012791212444740206,0.6369,0.24631830903844246,3.4246128747247786,,,"recalcul 2026-07-25 (test, n=17598)"
dinov3_vitl16_sat,DINOv3 ViT-L/16 SAT,22,1024,253.08316404649383,50.46089470777595,0.9339533448219299,-0.008921710204819201,0.62668,0.24332252020165135,3.4300053587502823,,,"recalcul 2026-07-25 (test, n=17598)"
dinov3_vitl16_sat,DINOv3 ViT-L/16 SAT,23,1024,277.18119966279755,46.687721019336315,0.9074360132217407,-0.01078905569506823,0.6185,0.24844457951350482,3.413783148216226,,,"recalcul 2026-07-25 (test, n=17598)"
vitb16_imagenet,ViT-B/16 IN-1k,0,768,5.616616725921631,,0.9976818561553955,,,,,0.31454053670207255,1.0,archive _anciennes_experiences/v1_2026-06-12
vitb16_imagenet,ViT-B/16 IN-1k,1,768,12.639827728271484,,0.9941028356552124,,,,,0.3706791574600101,10.0,archive _anciennes_experiences/v1_2026-06-12
vitb16_imagenet,ViT-B/16 IN-1k,2,768,18.63062858581543,,0.9926855564117432,,,,,0.3966934718505988,10.0,archive _anciennes_experiences/v1_2026-06-12
vitb16_imagenet,ViT-B/16 IN-1k,3,768,31.11163902282715,,0.9894634485244751,,,,,0.42298664756292814,0.1,archive _anciennes_experiences/v1_2026-06-12
vitb16_imagenet,ViT-B/16 IN-1k,4,768,53.0427360534668,,0.9865868091583252,,,,,0.4331903899018094,0.01,archive _anciennes_experiences/v1_2026-06-12
vitb16_imagenet,ViT-B/16 IN-1k,5,768,85.00839233398438,,0.9812673926353455,,,,,0.44234053335830564,0.01,archive _anciennes_experiences/v1_2026-06-12
vitb16_imagenet,ViT-B/16 IN-1k,6,768,144.3650665283203,,0.9667101502418518,,,,,0.44194704483746183,0.01,archive _anciennes_experiences/v1_2026-06-12
vitb16_imagenet,ViT-B/16 IN-1k,7,768,261.4244689941406,,0.900924801826477,,,,,0.45475691385560546,0.001,archive _anciennes_experiences/v1_2026-06-12
vitb16_imagenet,ViT-B/16 IN-1k,8,768,367.4760437011719,,0.7408171892166138,,,,,0.45220307836973156,0.001,archive _anciennes_experiences/v1_2026-06-12
vitb16_imagenet,ViT-B/16 IN-1k,9,768,372.69775390625,,0.6343609094619751,,,,,0.4549082387510982,0.001,archive _anciennes_experiences/v1_2026-06-12
vitb16_imagenet,ViT-B/16 IN-1k,10,768,374.79840087890625,,0.6838934421539307,,,,,0.44107695258474294,0.01,archive _anciennes_experiences/v1_2026-06-12
vitb16_imagenet,ViT-B/16 IN-1k,11,768,352.1916198730469,,0.6349678635597229,,,,,0.45065829108469146,0.01,archive _anciennes_experiences/v1_2026-06-12
