model,display,type,target,mlp_mean,mlp_std,linear_recalcule,linear_publie,delta,delta_vs_publie,interpretable,linear_adamw,delta_protocole,delta_nonlinearite,nonlin_interpretable
dinov3_vitb16_lvd_lora_r8,DINOv3 ViT-B/16 LoRA r=8,ft_fresh,f1_pres,0.4796099361764405,0.001426465564364057,0.48201381103646224,0.48286520387620163,-0.0024038748600217485,-0.003255267699761144,False,0.4766450235198046,-0.005368787516657647,0.0029649126566358985,False
dinov3_vitb16_lvd_lora_r8,DINOv3 ViT-B/16 LoRA r=8,ft_fresh,ALDE,0.9563039723661486,0.0011965808687867806,0.9600544315585765,0.9596245278707904,-0.0037504591924278907,-0.003320555504641831,False,0.955468601340737,-0.004585830217839537,0.0008353710254116464,False
dinov3_vitb16_lvd_lora_r8,DINOv3 ViT-B/16 LoRA r=8,ft_fresh,ARCA,0.0,0.0,0.0,0.0,0.0,0.0,False,0.0,0.0,0.0,False
dinov3_vitb16_lvd_lora_r8,DINOv3 ViT-B/16 LoRA r=8,ft_fresh,BIRC,0.8393187957478955,0.005260767875103173,0.8390918377559013,0.8398089709191986,0.00022695799199412559,-0.0004901751713031199,False,0.8278712234110718,-0.011220614344829571,0.011447572336823697,True
dinov3_vitb16_lvd_lora_r8,DINOv3 ViT-B/16 LoRA r=8,ft_fresh,DRYI,0.0,0.0,0.0,0.0,0.0,0.0,False,0.0,0.0,0.0,False
dinov3_vitb16_lvd_lora_r8,DINOv3 ViT-B/16 LoRA r=8,ft_fresh,LICH,0.6350394875731368,0.006789840772284851,0.6399171048881613,0.64148504803048,-0.004877617315024563,-0.006445560457343236,False,0.6399502046488271,3.309976066578901e-05,-0.004910717075690352,False
dinov3_vitb16_lvd_lora_r8,DINOv3 ViT-B/16 LoRA r=8,ft_fresh,MOSS,0.5189810399298671,0.01447811125039657,0.5212269053074947,0.5204772351637993,-0.0022458653776276094,-0.001496195233932185,False,0.513659128991963,-0.007567776315531738,0.0053219109379041285,False
dinov3_vitb16_lvd_lora_r8,DINOv3 ViT-B/16 LoRA r=8,ft_fresh,PETF,0.503349047848548,0.009625792763863286,0.506383316254014,0.5066739247882976,-0.0030342684054660563,-0.003324876939749699,False,0.4942394977909888,-0.012143818463025202,0.009109550057559146,False
dinov3_vitb16_lvd_lora_r8,DINOv3 ViT-B/16 LoRA r=8,ft_fresh,RUBC,0.0,0.0,0.0,0.0,0.0,0.0,False,0.0,0.0,0.0,False
dinov3_vitb16_lvd_lora_r8,DINOv3 ViT-B/16 LoRA r=8,ft_fresh,SEDG,0.611879206515228,0.005001236696766681,0.6214188931799539,0.617937302397665,-0.009539686664725933,-0.006058095882436998,False,0.6128085264777303,-0.008610366702223593,-0.0009293199625023396,False
dinov3_vitb16_lvd_lora_r8,DINOv3 ViT-B/16 LoRA r=8,ft_fresh,TUSS,0.7434618847819682,0.0007234566158315864,0.7453719050417925,0.7435988368480161,-0.001910020259824341,-0.00013695206604791288,False,0.7373382808839722,-0.008033624157820274,0.006123603897995933,False
dinov3_vitb16_lvd_lora_r8,DINOv3 ViT-B/16 LoRA r=8,ft_fresh,WILL,0.46737586317805285,0.004600307126362526,0.4686875274151905,0.48191139661997157,-0.001311664237137633,-0.014535533441918713,False,0.46175979517256033,-0.006927732242630158,0.005616068005492525,False
dinov3_vitb16_lvd_explora,DINOv3 ViT-B/16 ExPLoRA r=16,ft_fresh,f1_pres,0.47866846971297033,0.0045970247780569694,0.48162480502871235,0.48170088545985257,-0.0029563353157420202,-0.0030324157468822333,False,0.47479551388803126,-0.006829291140681093,0.0038729558249390728,False
dinov3_vitb16_lvd_explora,DINOv3 ViT-B/16 ExPLoRA r=16,ft_fresh,ALDE,0.9588485011774278,0.0013777587714389212,0.9600202993302961,0.9600202993302961,-0.0011717981528682753,-0.0011717981528682753,False,0.9533421697257761,-0.006678129604519967,0.0055063314516516915,False
dinov3_vitb16_lvd_explora,DINOv3 ViT-B/16 ExPLoRA r=16,ft_fresh,ARCA,0.0,0.0,0.0,0.0,0.0,0.0,False,0.0,0.0,0.0,False
dinov3_vitb16_lvd_explora,DINOv3 ViT-B/16 ExPLoRA r=16,ft_fresh,BIRC,0.843601139443031,0.004894725453662624,0.8434589782167463,0.8434870114546684,0.00014216122628463168,0.00011412798836252236,False,0.8311987409603966,-0.012260237256349726,0.012402398482634358,True
dinov3_vitb16_lvd_explora,DINOv3 ViT-B/16 ExPLoRA r=16,ft_fresh,DRYI,0.0,0.0,0.0,0.0,0.0,0.0,False,0.0,0.0,0.0,False
dinov3_vitb16_lvd_explora,DINOv3 ViT-B/16 ExPLoRA r=16,ft_fresh,LICH,0.6367474924449761,0.010793940482588941,0.6411959110639317,0.6415504187441422,-0.0044484186189556185,-0.0048029262991661215,False,0.6411641131860017,-3.1797877929951035e-05,-0.0044166207410256675,False
dinov3_vitb16_lvd_explora,DINOv3 ViT-B/16 ExPLoRA r=16,ft_fresh,MOSS,0.5118149553984873,0.006281733401271925,0.5266425490895589,0.5267292487687224,-0.014827593691071561,-0.014914293370235088,True,0.5144560328057076,-0.012186516283851256,-0.0026410774072203047,False
dinov3_vitb16_lvd_explora,DINOv3 ViT-B/16 ExPLoRA r=16,ft_fresh,PETF,0.491253418202584,0.029944354220701047,0.4922615771370416,0.4924627257791547,-0.0010081589344576036,-0.001209307576570673,False,0.490292901273875,-0.0019686758631666246,0.0009605169287090209,False
dinov3_vitb16_lvd_explora,DINOv3 ViT-B/16 ExPLoRA r=16,ft_fresh,RUBC,0.0,0.0,0.0,0.0,0.0,0.0,False,0.0,0.0,0.0,False
dinov3_vitb16_lvd_explora,DINOv3 ViT-B/16 ExPLoRA r=16,ft_fresh,SEDG,0.6034258763046226,0.018851270474471472,0.6127743209786841,0.6129408164818179,-0.009348444674061485,-0.00951494017719523,False,0.6064671262625437,-0.006307194716140385,-0.0030412499579210994,False
dinov3_vitb16_lvd_explora,DINOv3 ViT-B/16 ExPLoRA r=16,ft_fresh,TUSS,0.7397551551728538,0.01143433989084124,0.7412480287134589,0.7412480287134589,-0.0014928735406050109,-0.0014928735406050109,False,0.7401063102909404,-0.001141718422518423,-0.00035115511808658795,False
dinov3_vitb16_lvd_explora,DINOv3 ViT-B/16 ExPLoRA r=16,ft_fresh,WILL,0.47990662869869083,0.016657281377607133,0.4802711907861177,0.4802711907861177,-0.00036456208742685625,-0.00036456208742685625,False,0.44572325826310183,-0.034547932523015856,0.034183370435589,True
dinov3_vitb16_lvd_mhsa,DINOv3 ViT-B/16 MHSA,ft_fresh,f1_pres,0.47689264155043726,0.0036947071864584465,0.4789840862196116,0.47910329976380456,-0.002091444669174325,-0.0022106582133673003,False,0.4736377932928482,-0.005346292926763363,0.003254848257589038,False
dinov3_vitb16_lvd_mhsa,DINOv3 ViT-B/16 MHSA,ft_fresh,ALDE,0.9555412205289614,0.0015920018661644071,0.9583025276014586,0.9582114342911924,-0.002761307072497221,-0.0026702137622309774,False,0.954586922979583,-0.00371560462187559,0.000954297549378369,False
dinov3_vitb16_lvd_mhsa,DINOv3 ViT-B/16 MHSA,ft_fresh,ARCA,0.017241379310344827,0.02986294495808409,0.011594202898550725,0.011594202898550725,0.005647176411794103,0.005647176411794103,False,0.011494252873563218,-9.995002498750655e-05,0.005747126436781609,False
dinov3_vitb16_lvd_mhsa,DINOv3 ViT-B/16 MHSA,ft_fresh,BIRC,0.8420699348453192,0.0019498320700421703,0.8416731315057325,0.8416560440747438,0.0003968033395866932,0.00041389077057540913,False,0.8348681306787314,-0.006805000827001084,0.0072018041665877774,False
dinov3_vitb16_lvd_mhsa,DINOv3 ViT-B/16 MHSA,ft_fresh,DRYI,0.0,0.0,0.0,0.0,0.0,0.0,False,0.0,0.0,0.0,False
dinov3_vitb16_lvd_mhsa,DINOv3 ViT-B/16 MHSA,ft_fresh,LICH,0.621467291856178,0.0264721689831397,0.6255877526167407,0.6256542326120218,-0.004120460760562716,-0.004186940755843804,False,0.6267784581058519,0.0011907054891111546,-0.005311166249673871,False
dinov3_vitb16_lvd_mhsa,DINOv3 ViT-B/16 MHSA,ft_fresh,MOSS,0.5003485597104396,0.017525260246977082,0.5049838005456049,0.5055034905236525,-0.004635240835165311,-0.0051549308132129434,False,0.49117224019482625,-0.013811560350778629,0.009176319515613318,False
dinov3_vitb16_lvd_mhsa,DINOv3 ViT-B/16 MHSA,ft_fresh,PETF,0.4890901443788486,0.003324197729555859,0.49609949028647465,0.49695426394618636,-0.00700934590762603,-0.007864119567337735,False,0.4838662456186507,-0.01223324466782394,0.005223898760197909,False
dinov3_vitb16_lvd_mhsa,DINOv3 ViT-B/16 MHSA,ft_fresh,RUBC,0.0,0.0,0.0,0.0,0.0,0.0,False,0.0,0.0,0.0,False
dinov3_vitb16_lvd_mhsa,DINOv3 ViT-B/16 MHSA,ft_fresh,SEDG,0.6017133285758121,0.014223696036576246,0.6123148070058123,0.6122031378421317,-0.010601478430000255,-0.010489809266319594,True,0.6041630159112981,-0.008151791094514249,-0.002449687335486006,False
dinov3_vitb16_lvd_mhsa,DINOv3 ViT-B/16 MHSA,ft_fresh,TUSS,0.7359554508206895,0.010332100907756577,0.74049540007808,0.7405856553360971,-0.004539949257390541,-0.004630204515407632,False,0.7382135386696556,-0.002281861408424457,-0.002258087848966084,False
dinov3_vitb16_lvd_mhsa,DINOv3 ViT-B/16 MHSA,ft_fresh,WILL,0.4823917470282164,0.027468176670470062,0.4777738358772739,0.4777738358772739,0.004617911150942511,0.004617911150942511,False,0.4648729211891705,-0.012900914688103393,0.017518825839045904,True
simdinov2_vitb16_full,SimDINOv2 ViT-B/16 Full,ft_fresh,f1_pres,0.47655492758713325,0.0065781838585964505,0.4781627498055189,0.4781627498055189,-0.0016078222183856794,-0.0016078222183856794,False,0.46831228439945266,-0.009850465406066267,0.008242643187680587,False
simdinov2_vitb16_full,SimDINOv2 ViT-B/16 Full,ft_fresh,ALDE,0.947827331162378,0.0038019485391772734,0.952046170366196,0.952046170366196,-0.004218839203817937,-0.004218839203817937,False,0.9384074989589832,-0.013638671407212755,0.009419832203394818,False
simdinov2_vitb16_full,SimDINOv2 ViT-B/16 Full,ft_fresh,ARCA,0.0,0.0,0.0,0.0,0.0,0.0,False,0.017243964612385667,0.017243964612385667,-0.017243964612385667,True
simdinov2_vitb16_full,SimDINOv2 ViT-B/16 Full,ft_fresh,BIRC,0.8503654755286171,0.004236798452474007,0.847159269054165,0.847159269054165,0.0032062064744520224,0.0032062064744520224,False,0.841203751474469,-0.005955517579696035,0.009161724054148057,False
simdinov2_vitb16_full,SimDINOv2 ViT-B/16 Full,ft_fresh,DRYI,0.0,0.0,0.0,0.0,0.0,0.0,False,0.0,0.0,0.0,False
simdinov2_vitb16_full,SimDINOv2 ViT-B/16 Full,ft_fresh,LICH,0.6219200641008471,0.022797052548508664,0.6264064150952618,0.6264064150952618,-0.004486350994414745,-0.004486350994414745,False,0.6211248964770361,-0.005281518618225789,0.0007951676238110439,False
simdinov2_vitb16_full,SimDINOv2 ViT-B/16 Full,ft_fresh,MOSS,0.48984353235198,0.02933701322672925,0.5116560899804083,0.5116560899804083,-0.02181255762842832,-0.02181255762842832,True,0.4893666680890638,-0.02228942189134453,0.0004768642629162101,False
simdinov2_vitb16_full,SimDINOv2 ViT-B/16 Full,ft_fresh,PETF,0.5096393654854738,0.006586156631916809,0.4989237632444121,0.4989237632444121,0.010715602241061717,0.010715602241061717,True,0.46339366345751526,-0.03553009978689686,0.04624570202795858,True
simdinov2_vitb16_full,SimDINOv2 ViT-B/16 Full,ft_fresh,RUBC,0.0,0.0,0.0,0.0,0.0,0.0,False,0.0,0.0,0.0,False
simdinov2_vitb16_full,SimDINOv2 ViT-B/16 Full,ft_fresh,SEDG,0.5820635850887148,0.0048607489449016454,0.5891939785660986,0.5891939785660986,-0.007130393477383756,-0.007130393477383756,False,0.569142521377498,-0.020051457188600574,0.012921063711216818,True
simdinov2_vitb16_full,SimDINOv2 ViT-B/16 Full,ft_fresh,TUSS,0.7442399773748126,0.006242619663211893,0.7455683275034114,0.7455683275034114,-0.0013283501285987764,-0.0013283501285987764,False,0.7327628139293667,-0.012805513574044691,0.011477163445445915,True
simdinov2_vitb16_full,SimDINOv2 ViT-B/16 Full,ft_fresh,WILL,0.49620487236564265,0.011186649404333344,0.4888362340507555,0.4888362340507555,0.007368638314887155,0.007368638314887155,False,0.47878935001766104,-0.01004688403309445,0.017415522347981605,True
dinov3_vitb16_lvd_full,DINOv3 ViT-B/16 Full,ft_fresh,f1_pres,0.4765148059410977,0.0036183665735339213,0.4788139386762971,0.4788588265221261,-0.0022991327351994384,-0.0023440205810283943,False,0.4723857657649273,-0.006428172911369823,0.004129040176170384,False
dinov3_vitb16_lvd_full,DINOv3 ViT-B/16 Full,ft_fresh,ALDE,0.9535429329564752,0.0018048738114182302,0.9557901059125927,0.955881040762566,-0.002247172956117538,-0.0023381078060907834,False,0.9524068991713076,-0.0033832067412851163,0.0011360337851675784,False
dinov3_vitb16_lvd_full,DINOv3 ViT-B/16 Full,ft_fresh,ARCA,0.017341329335332334,0.01739151975602868,0.03881665724514791,0.03881665724514791,-0.02147532790981558,-0.02147532790981558,True,0.011594202898550725,-0.02722245434659719,0.005747126436781609,False
dinov3_vitb16_lvd_full,DINOv3 ViT-B/16 Full,ft_fresh,BIRC,0.8341216852871272,0.006469882125872123,0.829789500334976,0.8298222032356589,0.004332184952151152,0.00429948205146824,False,0.8224976616356843,-0.0072918386992917306,0.011624023651442883,True
dinov3_vitb16_lvd_full,DINOv3 ViT-B/16 Full,ft_fresh,DRYI,0.0,0.0,0.0,0.0,0.0,0.0,False,0.0,0.0,0.0,False
dinov3_vitb16_lvd_full,DINOv3 ViT-B/16 Full,ft_fresh,LICH,0.629349367561829,0.0038869099085200916,0.6339384894469756,0.6338035297226275,-0.0045891218851465965,-0.004454162160798525,False,0.6324383719780868,-0.0015001174688887842,-0.0030890044162578123,False
dinov3_vitb16_lvd_full,DINOv3 ViT-B/16 Full,ft_fresh,MOSS,0.49732421652774805,0.005779760048040082,0.507284847701639,0.5070997077195615,-0.0099606311738909,-0.009775491191813424,False,0.4883196597190586,-0.018965187982580345,0.009004556808689446,False
dinov3_vitb16_lvd_full,DINOv3 ViT-B/16 Full,ft_fresh,PETF,0.5077452955486544,0.010633848677936741,0.5023289612549776,0.5028740467964772,0.005416334293676828,0.00487124875217726,False,0.49922343557617094,-0.0031055256788066754,0.008521859972483503,False
dinov3_vitb16_lvd_full,DINOv3 ViT-B/16 Full,ft_fresh,RUBC,0.0,0.0,0.0,0.0,0.0,0.0,False,0.0,0.0,0.0,False
dinov3_vitb16_lvd_full,DINOv3 ViT-B/16 Full,ft_fresh,SEDG,0.6017343403683828,0.006395805955205289,0.6114726093105665,0.6112828199352212,-0.009738268942183659,-0.009548479566838353,False,0.5989935488770284,-0.01247906043353808,0.002740791491354422,False
dinov3_vitb16_lvd_full,DINOv3 ViT-B/16 Full,ft_fresh,TUSS,0.7463612235124301,0.002998180667264765,0.7449920867797278,0.7451021312411522,0.0013691367327022252,0.0012590922712778507,False,0.7376248462544365,-0.007367240525291363,0.008736377257993588,False
dinov3_vitb16_lvd_full,DINOv3 ViT-B/16 Full,ft_fresh,WILL,0.45414247425409493,0.02213283313964597,0.4425400674526652,0.44276495508497343,0.01160240680142971,0.011377519169121497,True,0.4531447973038761,0.010604729851210859,0.000997676950218851,False
simdinov2_vitl16,SimDINOv2 ViT-L/16,frozen,f1_pres,0.4737607283596917,0.0018271011630693508,0.47600071743326294,0.47597155170946337,-0.002239989073571258,-0.0022108233497716845,False,0.4696392314783693,-0.006361485954893664,0.004121496881322406,False
simdinov2_vitl16,SimDINOv2 ViT-L/16,frozen,ALDE,0.9400463591200928,0.0018150735284467418,0.9421106557377049,0.9421106557377049,-0.0020642966176120936,-0.0020642966176120936,False,0.9255279061724858,-0.0165827495652191,0.014518452947607008,True
simdinov2_vitl16,SimDINOv2 ViT-L/16,frozen,ARCA,0.0,0.0,0.0,0.0,0.0,0.0,False,0.005797101449275362,0.005797101449275362,-0.005797101449275362,False
simdinov2_vitl16,SimDINOv2 ViT-L/16,frozen,BIRC,0.8405149713126252,0.005479075549397742,0.8331001399160504,0.8330168881782752,0.007414831396574839,0.007498083134349964,False,0.8258410874661042,-0.0072590524499461795,0.014673883846521019,True
simdinov2_vitl16,SimDINOv2 ViT-L/16,frozen,DRYI,0.0,0.0,0.0,0.0,0.0,0.0,False,0.0,0.0,0.0,False
simdinov2_vitl16,SimDINOv2 ViT-L/16,frozen,LICH,0.6305601417611076,0.005534602255768242,0.6334635416666666,0.6339082329970712,-0.00290339990555899,-0.0033480912359635795,False,0.6286647699526078,-0.004798771714058847,0.0018953718084998572,False
simdinov2_vitl16,SimDINOv2 ViT-L/16,frozen,MOSS,0.49574345593937696,0.009365403398071221,0.4981197570147527,0.4982638888888889,-0.0023763010753757308,-0.0025204329495119304,False,0.4922549085503543,-0.005864848464398387,0.003488547389022656,False
simdinov2_vitl16,SimDINOv2 ViT-L/16,frozen,PETF,0.473042909629509,0.01394423260203137,0.4885245901639344,0.48769819573537454,-0.01548168053442539,-0.014655286105865528,True,0.47419949075095547,-0.014325099412978937,-0.0011565811214464539,False
simdinov2_vitl16,SimDINOv2 ViT-L/16,frozen,RUBC,0.0,0.0,0.0,0.0,0.0,0.0,False,0.0,0.0,0.0,False
simdinov2_vitl16,SimDINOv2 ViT-L/16,frozen,SEDG,0.6033640790652359,0.011310376918441573,0.6122366288492707,0.6122366288492707,-0.008872549784034733,-0.008872549784034733,False,0.6046761164848115,-0.007560512364459204,-0.001312037419575529,False
simdinov2_vitl16,SimDINOv2 ViT-L/16,frozen,TUSS,0.7274654634597754,0.0036104409819063326,0.7325102880658436,0.7325102880658436,-0.0050448246060682544,-0.0050448246060682544,False,0.723524982380392,-0.008985305685451639,0.003940481079383384,False
simdinov2_vitl16,SimDINOv2 ViT-L/16,frozen,WILL,0.5006306316688859,0.023370665141950842,0.49594229035166815,0.49594229035166815,0.004688341317217737,0.004688341317217737,False,0.48554518305507605,-0.0103971072965921,0.015085448613809838,True
dinov3_vitl16_lvd,DINOv3 ViT-L/16 LVD,frozen,f1_pres,0.4717191818993634,0.0025203518219162656,0.4792139302399709,0.47916273349462907,-0.007494748340607482,-0.007443551595265663,False,0.47344854764765937,-0.005765382592311519,-0.0017293657482959635,False
dinov3_vitl16_lvd,DINOv3 ViT-L/16 LVD,frozen,ALDE,0.9496928115235542,0.004946101217325145,0.9516632016632016,0.9516632016632016,-0.0019703901396473933,-0.0019703901396473933,False,0.944695748258526,-0.006967453404675639,0.004997063265028245,False
dinov3_vitl16_lvd,DINOv3 ViT-L/16 LVD,frozen,ARCA,0.0,0.0,0.0,0.0,0.0,0.0,False,0.0,0.0,0.0,False
dinov3_vitl16_lvd,DINOv3 ViT-L/16 LVD,frozen,BIRC,0.8493529263976196,0.005098511758053145,0.8475664826894129,0.8477126805778491,0.0017864437082066864,0.0016402458197705139,False,0.8373027842809639,-0.010263698408448985,0.012050142116655671,True
dinov3_vitl16_lvd,DINOv3 ViT-L/16 LVD,frozen,DRYI,0.0,0.0,0.0,0.0,0.0,0.0,False,0.0,0.0,0.0,False
dinov3_vitl16_lvd,DINOv3 ViT-L/16 LVD,frozen,LICH,0.6347978122781209,0.0060645567866370615,0.6396166134185304,0.639821029082774,-0.0048188011404094455,-0.005023216804653119,False,0.6439888903196963,0.004372276901165928,-0.009191078041575373,False
dinov3_vitl16_lvd,DINOv3 ViT-L/16 LVD,frozen,MOSS,0.5268838220334913,0.008593892854774262,0.5234113712374582,0.5228539576365663,0.0034724507960330886,0.004029864396924987,False,0.5225730552400214,-0.0008383159974367782,0.004310766793469867,False
dinov3_vitl16_lvd,DINOv3 ViT-L/16 LVD,frozen,PETF,0.4827940939452012,0.0063274132645788185,0.5175023651844843,0.5177472787505916,-0.03470827123928316,-0.03495318480539039,True,0.5032787061241409,-0.014223659060343397,-0.020484612178939765,True
dinov3_vitl16_lvd,DINOv3 ViT-L/16 LVD,frozen,RUBC,0.0,0.0,0.0,0.0,0.0,0.0,False,0.0,0.0,0.0,False
dinov3_vitl16_lvd,DINOv3 ViT-L/16 LVD,frozen,SEDG,0.5869430480663725,0.005856540607534605,0.5994361309911083,0.5993923611111112,-0.012493082924735721,-0.012449313044738619,True,0.5948022374945457,-0.004633893496562513,-0.007859189428173208,False
dinov3_vitl16_lvd,DINOv3 ViT-L/16 LVD,frozen,TUSS,0.7249829909112631,0.001742259957971811,0.7216808769792934,0.7215710153752474,0.0033021139319696635,0.003411975536015688,False,0.7200812498891769,-0.0015996270901165177,0.004901741022086181,False
dinov3_vitl16_lvd,DINOv3 ViT-L/16 LVD,frozen,WILL,0.4334634957373755,0.010681421141488234,0.4704761904761905,0.47002854424357754,-0.037012694738814966,-0.036565048506202014,True,0.44121135251718124,-0.02926483795900925,-0.007747856779805717,False
vitb16_full_old,ViT-B/16 IN-Full,ft_old,f1_pres,0.4706714826706922,0.0033747194544169767,0.47476381824152525,0.4746724448992099,-0.00409233557083305,-0.0040009622285177016,False,0.47025627832661465,-0.004507539914910597,0.0004152043440775466,False
vitb16_full_old,ViT-B/16 IN-Full,ft_old,ALDE,0.9543375637623983,0.002734596706215049,0.9571952601839177,0.9571952601839177,-0.00285769642151934,-0.00285769642151934,False,0.9556760944902867,-0.001519165693630975,-0.0013385307278883651,False
vitb16_full_old,ViT-B/16 IN-Full,ft_old,ARCA,0.011594202898550725,0.0100408742467761,0.011595079653155878,0.011595079653155878,-8.767546051530184e-07,-8.767546051530184e-07,False,0.005797101449275362,-0.005797978203880515,0.005797101449275362,False
vitb16_full_old,ViT-B/16 IN-Full,ft_old,BIRC,0.8297741928753393,0.0022548111132445975,0.8300807622614444,0.8298507172537445,-0.00030656938610518214,-7.652437840521831e-05,False,0.8204119955273278,-0.009668766734116652,0.00936219734801147,False
vitb16_full_old,ViT-B/16 IN-Full,ft_old,DRYI,0.0,0.0,0.0,0.0,0.0,0.0,False,0.0,0.0,0.0,False
vitb16_full_old,ViT-B/16 IN-Full,ft_old,LICH,0.6354481500600678,0.00612479520389124,0.6390786960889017,0.6386416275790228,-0.0036305460288338365,-0.0031934775189549347,False,0.632647058704604,-0.006431637384297639,0.002801091355463803,False
vitb16_full_old,ViT-B/16 IN-Full,ft_old,MOSS,0.47616893683993955,0.003290002991896505,0.5018112501819629,0.5023232056346378,-0.025642313342023382,-0.026154268794698288,True,0.5047118760973259,0.0029006259153629976,-0.02854293925738638,True
vitb16_full_old,ViT-B/16 IN-Full,ft_old,PETF,0.4797665264069013,0.013356359151860548,0.49079826105254126,0.48966055773239753,-0.011031734645639946,-0.009894031325496211,True,0.4805086150364975,-0.010289646016043763,-0.0007420886295961826,False
vitb16_full_old,ViT-B/16 IN-Full,ft_old,RUBC,0.0,0.0,0.0,0.0,0.0,0.0,False,0.0,0.0,0.0,False
vitb16_full_old,ViT-B/16 IN-Full,ft_old,SEDG,0.587307308100922,0.015005415073428532,0.5929318635931863,0.5929964089093418,-0.0056245554922642604,-0.005689100808419778,False,0.5978867878935391,0.004954924300352825,-0.010579479792617086,True
vitb16_full_old,ViT-B/16 IN-Full,ft_old,TUSS,0.7421215750024798,0.00871302550044797,0.7421600142069885,0.7423600608067247,-3.8439204508744496e-05,-0.0002384858042449034,False,0.7442971221415379,0.0021371079345493538,-0.0021755471390580983,False
vitb16_full_old,ViT-B/16 IN-Full,ft_old,WILL,0.46086785343101533,0.0148595151535243,0.45675081343467955,0.45677397613836623,0.004117039996335781,0.004093877292649095,False,0.4308824102523661,-0.025868403182313426,0.029985443178649207,True
dinov3_vitb16_lvd,DINOv3 ViT-B/16 LVD,frozen,f1_pres,0.4686957832579875,0.0014583282350471018,0.4712123536830693,0.47121235368306935,-0.002516570425081799,-0.0025165704250818544,False,0.46556039523230125,-0.0056519584507680465,0.0031353880256862476,False
dinov3_vitb16_lvd,DINOv3 ViT-B/16 LVD,frozen,ALDE,0.947459490800791,0.0014184211656179902,0.9444732745199792,0.9444732745199792,0.0029862162808117487,0.0029862162808117487,False,0.9306416632926376,-0.013831611227341556,0.016817827508153305,True
dinov3_vitb16_lvd,DINOv3 ViT-B/16 LVD,frozen,ARCA,0.0,0.0,0.0,0.0,0.0,0.0,False,0.0,0.0,0.0,False
dinov3_vitb16_lvd,DINOv3 ViT-B/16 LVD,frozen,BIRC,0.8333806564577628,0.0038571367946293807,0.8223421262989609,0.8223421262989609,0.011038530158801962,0.011038530158801962,True,0.8147263024427017,-0.007615823856259141,0.018654354015061103,True
dinov3_vitb16_lvd,DINOv3 ViT-B/16 LVD,frozen,DRYI,0.0,0.0,0.0,0.0,0.0,0.0,False,0.0,0.0,0.0,False
dinov3_vitb16_lvd,DINOv3 ViT-B/16 LVD,frozen,LICH,0.6318201221683514,0.001652077465625864,0.6298092466860653,0.6298092466860653,0.0020108754822860675,0.0020108754822860675,False,0.6208720433939691,-0.00893720329209624,0.010948078774382308,True
dinov3_vitb16_lvd,DINOv3 ViT-B/16 LVD,frozen,MOSS,0.5235822142332122,0.0079955148575735,0.518897414038079,0.518897414038079,0.004684800195133176,0.004684800195133176,False,0.5136893974923137,-0.005208016545765304,0.00989281674089848,False
dinov3_vitb16_lvd,DINOv3 ViT-B/16 LVD,frozen,PETF,0.47303534328595825,0.016582863349775222,0.49974606399187405,0.49974606399187405,-0.02671072070591579,-0.02671072070591579,True,0.496709649853411,-0.0030364141384630616,-0.02367430656745273,True
dinov3_vitb16_lvd,DINOv3 ViT-B/16 LVD,frozen,RUBC,0.0,0.0,0.0,0.0,0.0,0.0,False,0.0,0.0,0.0,False
dinov3_vitb16_lvd,DINOv3 ViT-B/16 LVD,frozen,SEDG,0.5847353277572291,0.002614792285199444,0.6099201345102985,0.6099201345102985,-0.025184806753069333,-0.025184806753069333,True,0.599888538255036,-0.01003159625526251,-0.015153210497806824,True
dinov3_vitb16_lvd,DINOv3 ViT-B/16 LVD,frozen,TUSS,0.7215463249991046,0.0035697964366040147,0.7219407339167819,0.7219407339167818,-0.00039440891767728026,-0.00039440891767716924,False,0.725269657707248,0.0033289237904661206,-0.003723332708143401,False
dinov3_vitb16_lvd,DINOv3 ViT-B/16 LVD,frozen,WILL,0.44009413613545245,0.015293727891466059,0.4362068965517241,0.4362068965517241,0.0038872395837283302,0.0038872395837283302,False,0.41936709511799625,-0.016839801433727875,0.020727041017456205,True
simdinov2_vitb16,SimDINOv2 ViT-B/16,frozen,f1_pres,0.46812421112698194,0.0039042141675356976,0.47225573315523817,0.47225573315523817,-0.004131522028256229,-0.004131522028256229,False,0.4638873638830316,-0.008368369272206577,0.004236847243950348,False
simdinov2_vitb16,SimDINOv2 ViT-B/16,frozen,ALDE,0.9426665346412207,0.0036990760367932828,0.9484270242392986,0.9484270242392986,-0.005760489598077845,-0.005760489598077845,False,0.9399099298369364,-0.008517094402362146,0.0027566048042843017,False
simdinov2_vitb16,SimDINOv2 ViT-B/16,frozen,ARCA,0.0,0.0,0.0,0.0,0.0,0.0,False,0.0,0.0,0.0,False
simdinov2_vitb16,SimDINOv2 ViT-B/16,frozen,BIRC,0.8311048696389444,0.007522959944651638,0.827049670855775,0.827049670855775,0.0040551987831694,0.0040551987831694,False,0.8193697422357359,-0.007679928620039078,0.011735127403208478,True
simdinov2_vitb16,SimDINOv2 ViT-B/16,frozen,DRYI,0.0,0.0,0.0,0.0,0.0,0.0,False,0.0,0.0,0.0,False
simdinov2_vitb16,SimDINOv2 ViT-B/16,frozen,LICH,0.6251670492997309,0.018928868481439508,0.6427416747494342,0.6427416747494342,-0.01757462544970334,-0.01757462544970334,True,0.6367076062152638,-0.006034068534170434,-0.011540556915532907,True
simdinov2_vitb16,SimDINOv2 ViT-B/16,frozen,MOSS,0.47662475888777256,0.010211770528613006,0.483343428225318,0.483343428225318,-0.0067186693375454465,-0.0067186693375454465,False,0.4690825835244243,-0.014260844700893727,0.00754217536334828,False
simdinov2_vitb16,SimDINOv2 ViT-B/16,frozen,PETF,0.4829157482387288,0.012889188619677132,0.4826481580352376,0.4826481580352376,0.0002675902034912081,0.0002675902034912081,False,0.493527965630296,0.01087980759505841,-0.010612217391567202,True
simdinov2_vitb16,SimDINOv2 ViT-B/16,frozen,RUBC,0.0,0.0,0.0,0.0,0.0,0.0,False,0.0,0.0,0.0,False
simdinov2_vitb16,SimDINOv2 ViT-B/16,frozen,SEDG,0.5882765735108478,0.013810451878567461,0.5895384615384616,0.5895384615384616,-0.0012618880276137334,-0.0012618880276137334,False,0.5775205565967032,-0.012017904941758362,0.010756016914144628,True
simdinov2_vitb16,SimDINOv2 ViT-B/16,frozen,TUSS,0.7214265785342446,0.007798625949906479,0.724013257005122,0.724013257005122,-0.002586678470877346,-0.002586678470877346,False,0.7162216743587888,-0.007791582646333173,0.005204904175455827,False
simdinov2_vitb16,SimDINOv2 ViT-B/16,frozen,WILL,0.48118420964531144,0.005767815132117528,0.4970513900589722,0.4970513900589722,-0.015867180413660753,-0.015867180413660753,True,0.45042094431519875,-0.04663044574377345,0.0307632653301127,True
simdinov2_vitb16_mhsa,SimDINOv2 ViT-B/16 MHSA,ft_fresh,f1_pres,0.46638121245700176,0.006571358214674205,0.4690530012214999,0.46904206227358286,-0.0026717887644981397,-0.002660849816581101,False,0.46851211707529333,-0.0005408841462065661,-0.0021309046182915736,False
simdinov2_vitb16_mhsa,SimDINOv2 ViT-B/16 MHSA,ft_fresh,ALDE,0.9511607690607283,0.005977670238204776,0.9536423656064267,0.9536423656064267,-0.00248159654569835,-0.00248159654569835,False,0.9460166651404919,-0.007625700465934804,0.005144103920236454,False
simdinov2_vitb16_mhsa,SimDINOv2 ViT-B/16 MHSA,ft_fresh,ARCA,0.005847953216374269,0.010128952091046065,0.017543859649122806,0.017543859649122806,-0.011695906432748537,-0.011695906432748537,True,0.017543859649122806,0.0,-0.011695906432748537,True
simdinov2_vitb16_mhsa,SimDINOv2 ViT-B/16 MHSA,ft_fresh,BIRC,0.8357312733857857,0.002309026412686753,0.8333459140179791,0.8333574119178718,0.0023853593678065943,0.0023738614679138514,False,0.8302482467001334,-0.003097667317845665,0.005483026685652259,False
simdinov2_vitb16_mhsa,SimDINOv2 ViT-B/16 MHSA,ft_fresh,DRYI,0.0,0.0,0.0,0.0,0.0,0.0,False,0.0,0.0,0.0,False
simdinov2_vitb16_mhsa,SimDINOv2 ViT-B/16 MHSA,ft_fresh,LICH,0.6195132229627426,0.0063345672556096135,0.6197693174078666,0.6202046623896674,-0.0002560944451239777,-0.0006914394269248447,False,0.6292673299115527,0.009498012503686093,-0.00975410694881007,False
simdinov2_vitb16_mhsa,SimDINOv2 ViT-B/16 MHSA,ft_fresh,MOSS,0.4895643755203287,0.013426149482236907,0.5063534604213517,0.5059407828791763,-0.016789084901022933,-0.0163764073588476,True,0.4956722944781007,-0.01068116594325097,-0.006107918957771963,False
simdinov2_vitb16_mhsa,SimDINOv2 ViT-B/16 MHSA,ft_fresh,PETF,0.46639880301849157,0.04483313813822309,0.4542226681366297,0.4550254566942722,0.012176134881861866,0.01137334632421938,True,0.47740819357345027,0.023185525436820564,-0.011009390554958698,True
simdinov2_vitb16_mhsa,SimDINOv2 ViT-B/16 MHSA,ft_fresh,RUBC,0.0,0.0,0.0,0.0,0.0,0.0,False,0.0,0.0,0.0,False
simdinov2_vitb16_mhsa,SimDINOv2 ViT-B/16 MHSA,ft_fresh,SEDG,0.5789709765057333,0.023540111767263044,0.5858838557406442,0.5858862715455592,-0.006912879234910907,-0.006915295039825908,False,0.588825239125692,0.002941383385047791,-0.009854262619958698,False
simdinov2_vitb16_mhsa,SimDINOv2 ViT-B/16 MHSA,ft_fresh,TUSS,0.7288239547285937,0.016678982664326412,0.7244366078879194,0.724417875249426,0.004387346840674322,0.004406079479167713,False,0.7297796358980476,0.0053430280101282035,-0.0009556811694538814,False
simdinov2_vitb16_mhsa,SimDINOv2 ViT-B/16 MHSA,ft_fresh,WILL,0.45418200862824104,0.02678179400558332,0.46438496456855854,0.4634439990778884,-0.010202955940317504,-0.009261990449647373,True,0.4388718233516354,-0.025513141216923163,0.015310185276605659,True
vitb16_explora_old,ViT-B/16 IN-ExPLoRA,ft_old,f1_pres,0.46587337368804804,0.0045279965490671505,0.47052245495466777,0.4705875176079098,-0.004649081266619726,-0.004714143919861746,False,0.46244170046588257,-0.008080754488785202,0.0034316732221654767,False
vitb16_explora_old,ViT-B/16 IN-ExPLoRA,ft_old,ALDE,0.9481568080647622,0.0028212547453368196,0.950947589509779,0.9508653212252693,-0.0027907814450167656,-0.002708513160507131,False,0.9441950224387531,-0.0067525670710258945,0.003961785626009129,False
vitb16_explora_old,ViT-B/16 IN-ExPLoRA,ft_old,ARCA,0.011544227886056973,0.009997875649013018,0.01680672268907563,0.016666666666666666,-0.005262494803018656,-0.005122438780609693,False,0.011181286549707603,-0.005625436139368027,0.00036294133634937054,False
vitb16_explora_old,ViT-B/16 IN-ExPLoRA,ft_old,BIRC,0.8257585841820111,0.007415768531881634,0.8271535264124162,0.8273507354737561,-0.0013949422304051495,-0.0015921512917450586,False,0.8199357267271675,-0.007217799685248716,0.005822857454843566,False
vitb16_explora_old,ViT-B/16 IN-ExPLoRA,ft_old,DRYI,0.0,0.0,0.0,0.0,0.0,0.0,False,0.0,0.0,0.0,False
vitb16_explora_old,ViT-B/16 IN-ExPLoRA,ft_old,LICH,0.6169478176449062,0.014476182694871944,0.6218391758603281,0.6219070362581403,-0.004891358215421859,-0.004959218613234007,False,0.6180617126344008,-0.0037774632259273133,-0.001113894989494546,False
vitb16_explora_old,ViT-B/16 IN-ExPLoRA,ft_old,MOSS,0.47281483883868397,0.009789834363236253,0.4831456122550426,0.483553315454923,-0.01033077341635863,-0.010738476616239057,True,0.4770458537149152,-0.006099758540127398,-0.004231014876231232,False
vitb16_explora_old,ViT-B/16 IN-ExPLoRA,ft_old,PETF,0.4809394351068499,0.014945263536154586,0.4890324335570287,0.4877980282798094,-0.008092998450178801,-0.006858593172959504,False,0.4683190718300872,-0.020713361726941493,0.012620363276762692,True
vitb16_explora_old,ViT-B/16 IN-ExPLoRA,ft_old,RUBC,0.0,0.0,0.0,0.0,0.0,0.0,False,0.013888888888888888,0.013888888888888888,-0.013888888888888888,True
vitb16_explora_old,ViT-B/16 IN-ExPLoRA,ft_old,SEDG,0.5877485517056903,0.007653496810097867,0.5986906520538762,0.5988465224569084,-0.01094210034818588,-0.0110979707512181,True,0.5869119221481218,-0.011778729905754348,0.000836629557568469,False
vitb16_explora_old,ViT-B/16 IN-ExPLoRA,ft_old,TUSS,0.7286693619051162,0.011609852946922426,0.7317284205368311,0.7319372738352609,-0.0030590586317148505,-0.00326791193014464,False,0.7261441636253764,-0.005584256911454699,0.0025251982797398487,False
vitb16_explora_old,ViT-B/16 IN-ExPLoRA,ft_old,WILL,0.4520274852344513,0.01937815550361942,0.45640287162696797,0.4575377940362741,-0.004375386392516667,-0.005510308801822794,False,0.42117505656729004,-0.035227815059677925,0.030852428667161258,True
vitb16_mhsa_old,ViT-B/16 IN-MHSA,ft_old,f1_pres,0.4640839504767335,0.00019495263605451852,0.46887154938359094,0.4687417680652947,-0.0047875989068574265,-0.004657817588561208,False,0.46414111691683346,-0.004730432466757473,-5.7166440099953864e-05,False
vitb16_mhsa_old,ViT-B/16 IN-MHSA,ft_old,ALDE,0.9512844897636024,0.0035777009829080176,0.9543119977825526,0.9544777379668683,-0.0030275080189502424,-0.0031932482032659415,False,0.9544896220628075,0.00017762428025491772,-0.00320513229920516,False
vitb16_mhsa_old,ViT-B/16 IN-MHSA,ft_old,ARCA,0.01649981460882462,0.016141812792762507,0.011299435028248588,0.011299435028248588,0.005200379580576033,0.005200379580576033,False,0.0,-0.011299435028248588,0.01649981460882462,True
vitb16_mhsa_old,ViT-B/16 IN-MHSA,ft_old,BIRC,0.8264575826598043,0.009108770625310814,0.8233074833831427,0.8231734584848369,0.0031500992766615443,0.0032841241749673733,False,0.8198552575115926,-0.003452225871550141,0.006602325148211685,False
vitb16_mhsa_old,ViT-B/16 IN-MHSA,ft_old,DRYI,0.0,0.0,0.0,0.0,0.0,0.0,False,0.0,0.0,0.0,False
vitb16_mhsa_old,ViT-B/16 IN-MHSA,ft_old,LICH,0.6385713630073435,0.004140043599240934,0.6434366392823904,0.6431428934335273,-0.004865276275046848,-0.004571530426183745,False,0.6427315870842346,-0.0007050521981557534,-0.004160224076891095,False
vitb16_mhsa_old,ViT-B/16 IN-MHSA,ft_old,MOSS,0.4564026069802045,0.020308722479481327,0.48516168934176407,0.48482211583368934,-0.02875908236155955,-0.02841950885348482,True,0.47516364045199033,-0.009998048889773736,-0.018761033471785815,True
vitb16_mhsa_old,ViT-B/16 IN-MHSA,ft_old,PETF,0.4636689201111477,0.003063116766233273,0.48422280155324815,0.4833638487041148,-0.020553881442100463,-0.01969492859296712,True,0.46810192064962086,-0.016120880903627288,-0.004433000538473175,False
vitb16_mhsa_old,ViT-B/16 IN-MHSA,ft_old,RUBC,0.0,0.0,0.0,0.0,0.0,0.0,False,0.0,0.0,0.0,False
vitb16_mhsa_old,ViT-B/16 IN-MHSA,ft_old,SEDG,0.5784449293557078,0.006810294121487125,0.5979644252517503,0.598037026589816,-0.019519495896042516,-0.019592097234108152,True,0.590946700714198,-0.007017724537552339,-0.012501771358490177,True
vitb16_mhsa_old,ViT-B/16 IN-MHSA,ft_old,TUSS,0.7337919433502987,0.014251751703023258,0.7363819670790352,0.7362572142903586,-0.0025900237287365124,-0.0024652709400598827,False,0.7358710009732055,-0.000510966105829791,-0.0020790576229067215,False
vitb16_mhsa_old,ViT-B/16 IN-MHSA,ft_old,WILL,0.43980180540713554,0.007778114487605382,0.4215006045173679,0.421585718386782,0.01830120088976761,0.018216087020353544,True,0.4183925566375186,-0.003108047879849307,0.021409248769616918,True
resnet50_fulft_sota,ResNet-50 IN-FT,ft_old,f1_pres,0.45465213342249194,0.004914272443532791,0.4572156955039621,0.4573036358386559,-0.002563562081470183,-0.0026515024161639644,False,0.44747995533300217,-0.009735740170959961,0.007172178089489778,False
resnet50_fulft_sota,ResNet-50 IN-FT,ft_old,ALDE,0.9281298373353675,0.003338470801508974,0.9328164449299949,0.9328971507896066,-0.004686607594627468,-0.004767313454239086,False,0.9199926508837163,-0.012823794046278647,0.00813718645165118,False
resnet50_fulft_sota,ResNet-50 IN-FT,ft_old,ARCA,0.0,0.0,0.0,0.0,0.0,0.0,False,0.0,0.0,0.0,False
resnet50_fulft_sota,ResNet-50 IN-FT,ft_old,BIRC,0.8149237504136676,0.004444134657307924,0.8132550849164041,0.8132696885199912,0.0016686654972635218,0.0016540618936764506,False,0.7992010306325871,-0.014054054283817008,0.01572271978108053,True
resnet50_fulft_sota,ResNet-50 IN-FT,ft_old,DRYI,0.0,0.0,0.0,0.0,0.0,0.0,False,0.0,0.0,0.0,False
resnet50_fulft_sota,ResNet-50 IN-FT,ft_old,LICH,0.6327115578407064,0.009665400064894525,0.6290492343901882,0.6290543417233115,0.003662323450518201,0.0036572161173948903,False,0.6266780234419557,-0.0023712109482325605,0.006033534398750762,False
resnet50_fulft_sota,ResNet-50 IN-FT,ft_old,MOSS,0.4699378276435238,0.015319541136570095,0.47470982471076734,0.4748620573581948,-0.004771997067243516,-0.004924229714670991,False,0.4600875416629621,-0.014622283047805218,0.009850285980561702,False
resnet50_fulft_sota,ResNet-50 IN-FT,ft_old,PETF,0.48701374757516125,0.014600146975775746,0.4934968055036378,0.4934164891203119,-0.006483057928476532,-0.006402741545150636,False,0.46748968640354577,-0.026007119100092013,0.01952406117161548,True
resnet50_fulft_sota,ResNet-50 IN-FT,ft_old,RUBC,0.0,0.0,0.0,0.0,0.0,0.0,False,0.0,0.0,0.0,False
resnet50_fulft_sota,ResNet-50 IN-FT,ft_old,SEDG,0.5826288772464504,0.007789792549535291,0.5826341930431873,0.5829205179986542,-5.31579673690441e-06,-0.00029164075220378116,False,0.5682747155848641,-0.014359477458323222,0.014354161661586318,True
resnet50_fulft_sota,ResNet-50 IN-FT,ft_old,TUSS,0.7267512931215229,0.001562371997195826,0.7289408440105154,0.728914003026302,-0.002189550888992531,-0.002162709904779181,False,0.7160679979492081,-0.012872846061307341,0.01068329517231481,True
resnet50_fulft_sota,ResNet-50 IN-FT,ft_old,WILL,0.35907657647101104,0.01496587106610156,0.37447021903888866,0.37500574568884204,-0.015393642567877619,-0.015929169217830996,True,0.36448786210418477,-0.009982356934703895,-0.005411285633173724,False
dinov3_vitl16_sat,DINOv3 ViT-L/16 SAT,frozen,f1_pres,0.4532280845779046,0.0008299883003224987,0.46204819824639976,0.461743913216879,-0.008820113668495166,-0.008515828638974432,False,0.4491155056651976,-0.012932692581202165,0.004112578912706999,False
dinov3_vitl16_sat,DINOv3 ViT-L/16 SAT,frozen,ALDE,0.9200331765618307,0.008960159092654157,0.9258312020460359,0.9255564082885649,-0.00579802548420516,-0.00552323172673419,False,0.9137579245230266,-0.01207327752300924,0.00627525203880408,False
dinov3_vitl16_sat,DINOv3 ViT-L/16 SAT,frozen,ARCA,0.0,0.0,0.0,0.0,0.0,0.0,False,0.0,0.0,0.0,False
dinov3_vitl16_sat,DINOv3 ViT-L/16 SAT,frozen,BIRC,0.8093181043163863,0.00373311769768016,0.8138983400350551,0.8136921332096092,-0.004580235718668835,-0.004374028893222914,False,0.7876560490565533,-0.026242290978501837,0.021662055259833002,True
dinov3_vitl16_sat,DINOv3 ViT-L/16 SAT,frozen,DRYI,0.0,0.0,0.0,0.0,0.0,0.0,False,0.010621925116605967,0.010621925116605967,-0.010621925116605967,True
dinov3_vitl16_sat,DINOv3 ViT-L/16 SAT,frozen,LICH,0.639163778877473,0.00936811386773247,0.6377274178104053,0.6379585326953748,0.0014363610670676819,0.001205246182098163,False,0.6366771634688364,-0.0010502543415689125,0.0024866154086365944,False
dinov3_vitl16_sat,DINOv3 ViT-L/16 SAT,frozen,MOSS,0.4936889092555425,0.006191488326962657,0.5206826728377205,0.5205320994794679,-0.026993763582178032,-0.026843190223925395,True,0.5012157157930103,-0.019466957044710242,-0.0075268065374677895,False
dinov3_vitl16_sat,DINOv3 ViT-L/16 SAT,frozen,PETF,0.43455514459336486,0.019585149860442748,0.4549763033175355,0.4542437174016121,-0.020421158724170663,-0.019688572808247262,True,0.43831621976906954,-0.016660083548465987,-0.0037610751757046756,False
dinov3_vitl16_sat,DINOv3 ViT-L/16 SAT,frozen,RUBC,0.0,0.0,0.0,0.0,0.0,0.0,False,0.0,0.0,0.0,False
dinov3_vitl16_sat,DINOv3 ViT-L/16 SAT,frozen,SEDG,0.5940623057565068,0.005987480941413917,0.6055508830950378,0.6059714045416317,-0.011488577338531036,-0.011909098785124916,True,0.5872551983715266,-0.018295684723511174,0.006807107384980138,False
dinov3_vitl16_sat,DINOv3 ViT-L/16 SAT,frozen,TUSS,0.71399020246242,0.005133147332873114,0.7225688631867295,0.7218754757192876,-0.008578660724309572,-0.007885273256867609,False,0.7123761978918982,-0.010192665294831316,0.0016140045705217432,False
dinov3_vitl16_sat,DINOv3 ViT-L/16 SAT,frozen,WILL,0.38069730853342704,0.004805212231941034,0.401294498381877,0.3993532740501213,-0.020597189848449937,-0.01865596551669424,True,0.35239416832664655,-0.04890033005523042,0.028303140206780486,True
vitb16_imagenet,ViT-B/16 IN-1k,frozen,f1_pres,0.44307567450297464,0.007110358063826406,0.4499673184267636,0.4499673184267636,-0.006891643923788937,-0.006891643923788937,False,0.44974175987359327,-0.00022555855317030193,-0.006666085370618635,False
vitb16_imagenet,ViT-B/16 IN-1k,frozen,ALDE,0.9075901559764533,0.008319526549755473,0.9078085642317381,0.9078085642317381,-0.00021840825528474106,-0.00021840825528474106,False,0.8956701407656392,-0.012138423466098835,0.011920015210814094,True
vitb16_imagenet,ViT-B/16 IN-1k,frozen,ARCA,0.0,0.0,0.01680672268907563,0.01680672268907563,-0.01680672268907563,-0.01680672268907563,True,0.0,-0.01680672268907563,0.0,False
vitb16_imagenet,ViT-B/16 IN-1k,frozen,BIRC,0.7923682697283155,0.012987282690047933,0.7890879478827362,0.7890879478827362,0.0032803218455793592,0.0032803218455793592,False,0.7837960872364498,-0.005291860646286395,0.008572182491865754,False
vitb16_imagenet,ViT-B/16 IN-1k,frozen,DRYI,0.0,0.0,0.0,0.0,0.0,0.0,False,0.0,0.0,0.0,False
vitb16_imagenet,ViT-B/16 IN-1k,frozen,LICH,0.6394466557475996,0.009754618286014203,0.6303270564915758,0.6303270564915758,0.009119599256023792,0.009119599256023792,False,0.6524775033066014,0.022150446815025537,-0.013030847559001746,True
vitb16_imagenet,ViT-B/16 IN-1k,frozen,MOSS,0.47186455289212725,0.02756210415020779,0.4656820156385752,0.46568201563857514,0.006182537253552056,0.006182537253552112,False,0.4920006993051505,0.026318683666575304,-0.020136146413023248,True
vitb16_imagenet,ViT-B/16 IN-1k,frozen,PETF,0.44796680637151726,0.005298124940719501,0.4534005037783375,0.4534005037783375,-0.005433697406820259,-0.005433697406820259,False,0.44046831093499056,-0.012932192843346957,0.007498495436526698,False
vitb16_imagenet,ViT-B/16 IN-1k,frozen,RUBC,0.0,0.0,0.0,0.0,0.0,0.0,False,0.0,0.0,0.0,False
vitb16_imagenet,ViT-B/16 IN-1k,frozen,SEDG,0.5708097015172361,0.01756935960681972,0.5858966310943712,0.5858966310943712,-0.015086929577135089,-0.015086929577135089,True,0.5893066870330901,0.0034100559387189033,-0.018496985515853992,True
vitb16_imagenet,ViT-B/16 IN-1k,frozen,TUSS,0.727526934044838,0.007083702493082275,0.7192955822073782,0.7192955822073782,0.008231351837459822,0.008231351837459822,False,0.7302300565481374,0.010934474340759226,-0.0027031225032994044,False
vitb16_imagenet,ViT-B/16 IN-1k,frozen,WILL,0.31625934325463423,0.007908046601820762,0.3813354786806114,0.3813354786806114,-0.06507613542597718,-0.06507613542597718,True,0.3632098734794671,-0.018125605201144313,-0.046950530224832865,True
scalemae_vitl16,ScaleMAE ViT-L/16,frozen,f1_pres,0.4393581687705477,0.0038404940121797002,0.44804610126842087,0.448252745366114,-0.008687932497873196,-0.008894576595566306,False,0.44526814564646006,-0.002777955621960815,-0.005909976875912382,False
scalemae_vitl16,ScaleMAE ViT-L/16,frozen,ALDE,0.9144606756945345,0.006831394995118002,0.918781725888325,0.9178082191780822,-0.004321050193790477,-0.0033475434835477103,False,0.9092870123544295,-0.009494713533895416,0.005173663340104939,False
scalemae_vitl16,ScaleMAE ViT-L/16,frozen,ARCA,0.0,0.0,0.0,0.0,0.0,0.0,False,0.0,0.0,0.0,False
scalemae_vitl16,ScaleMAE ViT-L/16,frozen,BIRC,0.786051878975755,0.010165382088609298,0.7960546594061441,0.7961822660098522,-0.010002780430389047,-0.010130387034097188,True,0.7866020187838569,-0.009452640622287123,-0.0005501398081019238,False
scalemae_vitl16,ScaleMAE ViT-L/16,frozen,DRYI,0.0,0.0,0.0,0.0,0.0,0.0,False,0.0,0.0,0.0,False
scalemae_vitl16,ScaleMAE ViT-L/16,frozen,LICH,0.6125036629815602,0.010236524735439761,0.6288987905792489,0.6282255495380694,-0.016395127597688686,-0.01572188655650919,True,0.6357155760029833,0.006816785423734428,-0.023211913021423114,True
scalemae_vitl16,ScaleMAE ViT-L/16,frozen,MOSS,0.5047464964462366,0.01573825169016113,0.5094972067039106,0.5096503496503496,-0.00475071025767404,-0.004903853204113018,False,0.511556391739891,0.0020591850359803487,-0.006809895293654389,False
scalemae_vitl16,ScaleMAE ViT-L/16,frozen,PETF,0.40635285301813445,0.019450571140132534,0.43342318059299184,0.43618739903069464,-0.02707032757485739,-0.029834546012560192,True,0.408991206296156,-0.024431974296835857,-0.0026383532780215324,False
scalemae_vitl16,ScaleMAE ViT-L/16,frozen,RUBC,0.0,0.0,0.0,0.0,0.0,0.0,False,0.0,0.0,0.0,False
scalemae_vitl16,ScaleMAE ViT-L/16,frozen,SEDG,0.5940208448432307,0.014620223931701799,0.6006191950464397,0.6011560693641619,-0.00659835020320898,-0.007135224520931183,False,0.6015461427895251,0.0009269477430854378,-0.007525297946294418,False
scalemae_vitl16,ScaleMAE ViT-L/16,frozen,TUSS,0.6979586966499266,0.005052601967268653,0.7066708229426434,0.706267539756782,-0.008712126292716782,-0.008308843106855424,False,0.7065614147473821,-0.00010940819526128465,-0.008602718097455497,False
scalemae_vitl16,ScaleMAE ViT-L/16,frozen,WILL,0.3168447478666457,0.014853517951187717,0.3345615327929255,0.3353028064992615,-0.017716784926279816,-0.018458058632615792,True,0.3376898393968368,0.0031283066039112795,-0.020845091530191096,True
satmae_vitl16,SatMAE ViT-L/16,frozen,f1_pres,0.4008493726547682,0.00342479424667259,0.4091129384679247,0.409340831623318,-0.00826356581315646,-0.008491458968549803,False,0.40691402951468486,-0.00219890895323982,-0.0060646568599166395,False
satmae_vitl16,SatMAE ViT-L/16,frozen,ALDE,0.8885335287297341,0.005319323649853313,0.8791593695271454,0.87909887359199,0.009374159202588772,0.009434655137744108,False,0.8775837152536409,-0.0015756542735044787,0.01094981347609325,True
satmae_vitl16,SatMAE ViT-L/16,frozen,ARCA,0.0,0.0,0.0,0.0,0.0,0.0,False,0.0,0.0,0.0,False
satmae_vitl16,SatMAE ViT-L/16,frozen,BIRC,0.738114786487392,0.011180212266870323,0.7370517928286852,0.7372285744256792,0.001062993658706879,0.0008862120617127989,False,0.7364644774186614,-0.0005873154100237699,0.0016503090687306488,False
satmae_vitl16,SatMAE ViT-L/16,frozen,DRYI,0.0,0.0,0.0,0.0,0.0,0.0,False,0.0,0.0,0.0,False
satmae_vitl16,SatMAE ViT-L/16,frozen,LICH,0.5959370020863535,0.004067944778859137,0.6196299780495453,0.6196299780495453,-0.023692975963191865,-0.023692975963191865,True,0.6111602705442677,-0.008469707505277646,-0.015223268457914219,True
satmae_vitl16,SatMAE ViT-L/16,frozen,MOSS,0.4496499626314765,0.016432436938909865,0.48370019504040124,0.48272017837235226,-0.03405023240892474,-0.033070215740875764,True,0.4714215681450007,-0.012278626895400546,-0.021771605513524195,True
satmae_vitl16,SatMAE ViT-L/16,frozen,PETF,0.3329087195554379,0.004319846155335731,0.3412784398699891,0.343042071197411,-0.008369720314551243,-0.010133351641973098,False,0.34917599991156445,0.007897560041575324,-0.016267280356126568,True
satmae_vitl16,SatMAE ViT-L/16,frozen,RUBC,0.0,0.0,0.0,0.0,0.0,0.0,False,0.0,0.0,0.0,False
satmae_vitl16,SatMAE ViT-L/16,frozen,SEDG,0.5492912776711665,0.004188200676016835,0.5693964641333062,0.5692213864606628,-0.020105186462139768,-0.019930108789496304,True,0.5634687648794295,-0.005927699253876706,-0.014177487208263062,True
satmae_vitl16,SatMAE ViT-L/16,frozen,TUSS,0.6545671932804852,0.012443868533606827,0.6738407975945561,0.6742604018351527,-0.01927360431407088,-0.019693208554667496,True,0.6725930781396027,-0.0012477194549533888,-0.01802588485911749,True
satmae_vitl16,SatMAE ViT-L/16,frozen,WILL,0.2003406287604046,0.020662851358261906,0.19618528610354224,0.19754768392370572,0.004155342656862349,0.0027929448366988685,False,0.19418645036936555,-0.001998835734176696,0.006154178391039045,False
resnet50_imagenet,ResNet-50 IN-1k,frozen,f1_pres,0.40065934201008874,0.0039130933152453995,0.40762026192794515,0.40766546468889137,-0.006960919917856412,-0.007006122678802629,False,0.3994785361636832,-0.008141725764261976,0.0011808058464055637,False
resnet50_imagenet,ResNet-50 IN-1k,frozen,ALDE,0.8676949513113411,0.0036729484307094183,0.8809402146142055,0.8809402146142055,-0.013245263302864352,-0.013245263302864352,True,0.864516780581166,-0.016423434033039475,0.0031781707301751227,False
resnet50_imagenet,ResNet-50 IN-1k,frozen,ARCA,0.0,0.0,0.0,0.0,0.0,0.0,False,0.0,0.0,0.0,False
resnet50_imagenet,ResNet-50 IN-1k,frozen,BIRC,0.7292564096533084,0.006535466587639495,0.7485249237029502,0.748601078441347,-0.019268514049641805,-0.019344668788038644,True,0.730288108809058,-0.018236814893892173,-0.0010316991557496324,False
resnet50_imagenet,ResNet-50 IN-1k,frozen,DRYI,0.0,0.0,0.0,0.0,0.0,0.0,False,0.0,0.0,0.0,False
resnet50_imagenet,ResNet-50 IN-1k,frozen,LICH,0.5978723034205209,0.007014922955947919,0.5923984272608126,0.5923984272608126,0.005473876159708291,0.005473876159708291,False,0.5820518528047124,-0.01034657445610021,0.0158204506158085,True
resnet50_imagenet,ResNet-50 IN-1k,frozen,MOSS,0.4625430908952534,0.007170405176440497,0.47107438016528924,0.471495455797301,-0.008531289270035824,-0.008952364902047594,False,0.4560732443855578,-0.015001135779731445,0.00646984650969562,False
resnet50_imagenet,ResNet-50 IN-1k,frozen,PETF,0.3293745546198093,0.00944319903980551,0.34201585503963755,0.3420158550396376,-0.01264130041982825,-0.012641300419828305,True,0.3359797360186829,-0.006036119020954633,-0.006605181398873616,False
resnet50_imagenet,ResNet-50 IN-1k,frozen,RUBC,0.0,0.0,0.0,0.0,0.0,0.0,False,0.0,0.0,0.0,False
resnet50_imagenet,ResNet-50 IN-1k,frozen,SEDG,0.5272070913037457,0.006791374417192156,0.5345496894409938,0.5345496894409938,-0.007342598137248135,-0.007342598137248135,False,0.5314562070708643,-0.003093482370129519,-0.004249115767118616,False
resnet50_imagenet,ResNet-50 IN-1k,frozen,TUSS,0.6638919114457477,0.006108520922142335,0.6679536679536678,0.667953667953668,-0.004061756507920178,-0.004061756507920289,False,0.6634802639207784,-0.0044734040328894276,0.0004116475249692497,False
resnet50_imagenet,ResNet-50 IN-1k,frozen,WILL,0.2294124494612497,0.010880930657458739,0.24636572302983936,0.24636572302983933,-0.016953273568589666,-0.01695327356858964,True,0.23041770420969562,-0.01594801882014374,-0.0010052547484459273,False
vitb16_scratch_old,ViT-B/16 IN-Scratch,ft_old,f1_pres,0.35029261042178367,0.005662430193209252,0.3547707121641865,0.3548967760830817,-0.004478101742402818,-0.00460416566129801,False,0.3438508993775529,-0.010919812786633565,0.006441711044230747,False
vitb16_scratch_old,ViT-B/16 IN-Scratch,ft_old,ALDE,0.7982637002401723,0.0033860366911346693,0.7829161565471138,0.7839153987086179,0.015347543693058574,0.01434830153155442,True,0.7560691256012655,-0.026847030945848283,0.04219457463890686,True
vitb16_scratch_old,ViT-B/16 IN-Scratch,ft_old,ARCA,0.0,0.0,0.0056022408963585435,0.0056022408963585435,-0.0056022408963585435,-0.0056022408963585435,False,0.0,-0.0056022408963585435,0.0,False
vitb16_scratch_old,ViT-B/16 IN-Scratch,ft_old,BIRC,0.6766021884600812,0.03644460517219502,0.689142591030218,0.6894568161306484,-0.012540402570136777,-0.01285462767056711,True,0.7093057313963635,0.020163140366145527,-0.032703542936282304,True
vitb16_scratch_old,ViT-B/16 IN-Scratch,ft_old,DRYI,0.0,0.0,0.0036231884057971015,0.0036036036036036037,-0.0036231884057971015,-0.0036036036036036037,False,0.0,-0.0036231884057971015,0.0,False
vitb16_scratch_old,ViT-B/16 IN-Scratch,ft_old,LICH,0.5686254883144841,0.006471830283345097,0.5749345636853088,0.5751116681041846,-0.006309075370824702,-0.0064861797897004525,False,0.5779574631151797,0.0030228994298708844,-0.009331974800695586,False
vitb16_scratch_old,ViT-B/16 IN-Scratch,ft_old,MOSS,0.4856547159381795,0.021915001430627006,0.4869527954161011,0.4877064191299543,-0.0012980794779215987,-0.002051703191774834,False,0.5120086402721148,0.025055844856013698,-0.026353924333935297,True
vitb16_scratch_old,ViT-B/16 IN-Scratch,ft_old,PETF,0.2713636692534291,0.050650323219705556,0.25143939676961996,0.25029037247038977,0.019924272483809125,0.02107329678303932,True,0.2149866596718325,-0.03645273709778746,0.05637700958159658,True
vitb16_scratch_old,ViT-B/16 IN-Scratch,ft_old,RUBC,0.0,0.0,0.048780487804878044,0.048780487804878044,-0.048780487804878044,-0.048780487804878044,True,0.0,-0.048780487804878044,0.0,False
vitb16_scratch_old,ViT-B/16 IN-Scratch,ft_old,SEDG,0.41770145041921486,0.018029346578949855,0.41849043955378645,0.4188424988047313,-0.0007889891345715938,-0.00114104838551643,False,0.4271566487024198,0.008666209148633364,-0.009455198283204957,False
vitb16_scratch_old,ViT-B/16 IN-Scratch,ft_old,TUSS,0.5352776167086769,0.007888526975220828,0.5373149966717726,0.5362187205488845,-0.00203737996309572,-0.0009411038402076244,False,0.4858757939527278,-0.05143920271904484,0.04940182275594912,True
vitb16_scratch_old,ViT-B/16 IN-Scratch,ft_old,WILL,0.09972988530538211,0.01807963479878253,0.10328097702509666,0.10433631071164769,-0.003551091719714544,-0.004606425406265574,False,0.09899983044117901,-0.00428114658391765,0.0007300548642031057,False
