model,display,fraction,n_train_tiles,n_seeds,ALDE,ALDE_std,ARCA,ARCA_std,BIRC,BIRC_std,DRYI,DRYI_std,LICH,LICH_std,MOSS,MOSS_std,PETF,PETF_std,RUBC,RUBC_std,SEDG,SEDG_std,TUSS,TUSS_std,WILL,WILL_std
dinov3_vitb16_lvd_full,DINOv3 ViT-B/16 Full,1.0,49281,3,0.955881040762566,0.0028814983523950954,0.03881665724514791,0.0411551092139869,0.8298222032356589,0.004444490699466403,0.0,0.0,0.6338035297226275,0.0009319908468292281,0.5070997077195615,0.007605618173285067,0.5028740467964772,0.015613615267581551,0.0,0.0,0.6112828199352212,0.00754811242280814,0.7451021312411522,0.007714233567613179,0.44276495508497343,0.014392119780403171
dinov3_vitb16_lvd_lora_r8,DINOv3 ViT-B/16 LoRA r=8,0.005,247,3,0.8631909384697883,0.0588454780881366,0.0,0.0,0.7958115367049002,0.019991511877484148,0.0,0.0,0.5501897672510218,0.01934739520935138,0.3444456823245769,0.027254703173162,0.37429045246114573,0.012243927981341123,0.0,0.0,0.5158777564909766,0.009806564870882105,0.7083222431517026,0.01296596768753284,0.33278621426338767,0.07284811698713867
dinov3_vitb16_lvd_lora_r8,DINOv3 ViT-B/16 LoRA r=8,0.01,492,3,0.8732567000243069,0.0670200535685288,0.0,0.0,0.803745815081447,0.029256615389027393,0.0,0.0,0.5709554416389505,0.02816186675015474,0.40086904539872337,0.06485728388436039,0.4456832480873166,0.046691260467182624,0.0,0.0,0.5161322311130401,0.020893687139245977,0.7143257375959773,0.0158038386784662,0.35924026918296653,0.07753855193751315
dinov3_vitb16_lvd_lora_r8,DINOv3 ViT-B/16 LoRA r=8,0.05,2463,3,0.9445514661787917,0.00201396279921676,0.0,0.0,0.8190729562980062,0.02148920430000253,0.0,0.0,0.6434601528295976,0.003305892319286126,0.48331530687065855,0.02305143622585753,0.4682722838110443,0.015740329965816292,0.0,0.0,0.5970023103296841,0.021022258452596202,0.7395112487290803,0.004308832901909004,0.39499373535552884,0.08656632565375519
dinov3_vitb16_lvd_lora_r8,DINOv3 ViT-B/16 LoRA r=8,0.1,4927,3,0.9511940670385607,0.0012138479143029561,0.0,0.0,0.8234971676229316,0.00959398247285148,0.0,0.0,0.6424786958215405,0.010173187665336652,0.4925148518643783,0.007981869357711129,0.5012724160975427,0.006953466158481311,0.0,0.0,0.6055393956429211,0.018721207601839495,0.7413324650295162,0.0018919190300000282,0.4399862987315248,0.03392874994768105
dinov3_vitb16_lvd_lora_r8,DINOv3 ViT-B/16 LoRA r=8,0.25,12320,3,0.9576128633894402,0.0006093981786716615,0.0,0.0,0.8204529498475694,0.005838141303743239,0.0,0.0,0.6381193768636041,0.01210780835236545,0.5119659351699392,0.011015665107442547,0.4951455312114536,0.007786551205384466,0.0,0.0,0.6102139983648219,0.003633374347693953,0.7406789320570667,0.00501419316012077,0.434665628721453,0.01934863367740638
dinov3_vitb16_lvd_lora_r8,DINOv3 ViT-B/16 LoRA r=8,0.5,24639,3,0.9584521133812539,0.001984404774747041,0.0,0.0,0.8306993803513407,0.0034747015080327814,0.0,0.0,0.652076459738161,0.014994245813754527,0.5165197576784673,0.017690646208534156,0.5149646434129602,0.01138120982818837,0.0,0.0,0.6151678297533518,0.00984842466706349,0.7430546052671755,0.0056175756576637426,0.4508824859609053,0.013559753645659107
dinov3_vitb16_lvd_lora_r8,DINOv3 ViT-B/16 LoRA r=8,0.7,34497,3,0.9604300737022186,0.0015934296418975249,0.0,0.0,0.837527935056955,0.006294627727637051,0.0,0.0,0.6485574097296181,0.005002648310372514,0.5283482590968785,0.009429151314598866,0.5146518864618751,0.009091203234936033,0.0,0.0,0.6172347952768306,0.0038321452666129525,0.7444106653707904,0.004745762784159257,0.4671631898723571,0.015691347947212372
dinov3_vitb16_lvd_lora_r8,DINOv3 ViT-B/16 LoRA r=8,1.0,49281,3,0.9596245278707904,0.0007166664815132991,0.0,0.0,0.8398089709191986,0.009040162466480922,0.0,0.0,0.64148504803048,0.0036563799901249533,0.5204772351637993,0.007019580043955182,0.5066739247882976,0.009530979656468356,0.0,0.0,0.617937302397665,0.0034374979517016024,0.7435988368480161,0.004812497128228295,0.48191139661997157,0.022797529760598376
dinov3_vitb16_lvd_mhsa,DINOv3 ViT-B/16 MHSA,1.0,49281,3,0.9582114342911924,0.0005048844809290087,0.011594202898550725,0.0200817484935522,0.8416560440747438,0.0019320195434656944,0.0,0.0,0.6256542326120218,0.01688824304319023,0.5055034905236525,0.02375348428677102,0.49695426394618636,0.0014170735718658613,0.0,0.0,0.6122031378421317,0.01649071427505152,0.7405856553360971,0.008369108874684264,0.4777738358772739,0.0285438188606141
dinov3_vitl16_lvd_lora,DINOv3 ViT-L/16 LoRA r=8,1.0,49281,3,0.9595995300210288,0.004531926779312878,0.0,0.0,0.8442042210044326,0.0032946017653420587,0.0,0.0,0.6393763906767672,0.004695865053455157,0.5290078109479429,0.0036270132890621008,0.5072977679761713,0.005605877864418205,0.0,0.0,0.621805411620477,0.010368484030075554,0.7532308423847592,0.000914392571206601,0.47140311424594544,0.02275712752292123
resnet50_fulft_sota,ResNet-50 IN-FT,1.0,49281,3,0.9328971507896066,0.002370907875253923,0.0,0.0,0.8132696885199912,0.002441666501877587,0.0,0.0,0.6290543417233115,0.006765214842707526,0.4748620573581948,0.006098054477245142,0.4934164891203119,0.013129391554132511,0.0,0.0,0.5829205179986542,0.0075854453930900454,0.728914003026302,0.003071173347939048,0.37500574568884204,0.012845784907841476
simdinov2_vitb16_full,SimDINOv2 ViT-B/16 Full,1.0,49281,3,0.952046170366196,0.006553898550948148,0.0,0.0,0.847159269054165,0.004299469556096288,0.0,0.0,0.6264064150952618,0.008729527139616626,0.5116560899804083,0.005190762913550656,0.4989237632444121,0.029736606178181232,0.0,0.0,0.5891939785660986,0.016830201000117916,0.7455683275034114,0.010281166470754503,0.4888362340507555,0.007107530737530586
simdinov2_vitb16_lora,SimDINOv2 ViT-B/16 LoRA r=8,1.0,49281,3,0.9539320581139971,0.0017258604645255828,0.0,0.0,0.8427041564608565,0.0030688883447512784,0.0,0.0,0.6377131457999189,0.006560226304284164,0.5146493295475992,0.004139994033194842,0.4976760560330696,0.010506050439504424,0.0,0.0,0.5997930877582447,0.004512545020464836,0.739656183856689,0.004842850927053648,0.47282788805664006,0.009461996931865363
simdinov2_vitb16_lora_r16,SimDINOv2-B LoRA r16,1.0,49281,3,0.9537492747507046,0.0023855408585327625,0.0,0.0,0.8418656475496032,0.002339842790801591,0.0,0.0,0.6312824324693468,0.004603330355476758,0.516222703293382,0.006822635269751751,0.4913432609060125,0.00555710948135288,0.0,0.0,0.598449745062689,0.004121662348683869,0.7384480583219984,0.007894787953883741,0.47480139926587056,0.0039901647335759596
simdinov2_vitb16_lora_r16_rslora,SimDINOv2-B LoRA r16 (rsLoRA),1.0,49281,3,0.9536884644019613,0.0029683668107313957,0.011594202898550725,0.0200817484935522,0.8401787805141199,0.0021796985221806137,0.0,0.0,0.6316803543494106,0.0059926072174854355,0.5043173054088269,0.005341293920039673,0.4747447424918542,0.02068877320284454,0.0,0.0,0.5905008789168762,0.011670487138976513,0.7355177644175116,0.006337994763277846,0.46701910194501967,0.016830660631565096
simdinov2_vitb16_lora_r16_s2,SimDINOv2-B LoRA r16 (scaling 2),1.0,49281,3,0.9544140177073098,0.0004220738650471072,0.0,0.0,0.8410724737979808,0.0004112222682166797,0.0,0.0,0.6332190647159363,0.00287422813073205,0.5159115009280236,0.0020010179025207707,0.47915043252666784,0.022281668117694844,0.0,0.0,0.5964248277128731,0.003763160269674158,0.7365484794370799,0.006345326369877855,0.46800193128481626,0.008030486241542237
simdinov2_vitb16_lora_r2,SimDINOv2-B LoRA r2,1.0,49281,3,0.9548704739705905,0.0018989634880483871,0.0,0.0,0.8440474166284414,0.002429626796172652,0.0,0.0,0.6337500098079295,0.008547624336000663,0.5128257561445534,0.004183796558241846,0.5042180039026485,0.009972152780957895,0.0,0.0,0.6046049449444407,0.004443545534466973,0.7429894647234706,0.006755077663760968,0.47563567360302,0.009184774538022475
simdinov2_vitb16_lora_r32,SimDINOv2-B LoRA r32,1.0,49281,3,0.9542058756524378,0.0031605388370920338,0.0,0.0,0.8408776846836173,0.001086750046729636,0.0,0.0,0.6342992812494241,0.003085272319741417,0.5134069021469924,0.005404960435887261,0.48227008749935,0.018514325821743408,0.0,0.0,0.5932552478747192,0.006307817292491597,0.7355988306846087,0.006600339211678373,0.4721082456431403,0.003356506776701763
simdinov2_vitb16_lora_r4,SimDINOv2-B LoRA r4,1.0,49281,3,0.955424590926745,0.0006755048950030337,0.0,0.0,0.8412636133680905,0.004097313673314737,0.0,0.0,0.6346661316029464,0.009397316814969794,0.5116871848259019,0.003817248246890816,0.5076673194043086,0.016222402699415522,0.0,0.0,0.6036532588934446,0.0027995751970663796,0.7396810874078374,0.00620057901525398,0.46970635922954623,0.029354524249576103
simdinov2_vitb16_lora_r8_b05,SimDINOv2-B LoRA r8 (blocs 0-5),1.0,49281,3,0.9518452455680423,0.00254228078412361,0.0,0.0,0.8402470590718426,0.0036970303082906877,0.0,0.0,0.6383640410645092,0.002439701782866151,0.5097201222173968,0.005153419547325562,0.5169039315506089,0.006801492622608365,0.0,0.0,0.6021004849052268,0.0016267490065491905,0.7377953700797422,0.0037625060219111,0.45057563235389847,0.009751828610099543
simdinov2_vitb16_lora_r8_b611,SimDINOv2-B LoRA r8 (blocs 6-11),1.0,49281,3,0.9554650603794638,0.0016191947178647084,0.0,0.0,0.8423354250099168,0.0013400146456787295,0.0,0.0,0.6360532072229449,0.00976683829263325,0.511333507735644,0.014495752084599906,0.5031640277342444,0.01953450601267999,0.0,0.0,0.6071764334403379,0.0054049280364761474,0.7428540183770697,0.005196218421369299,0.4835072234920934,0.005372010849416937
simdinov2_vitb16_lora_r8_b911,SimDINOv2-B LoRA r8 (blocs 9-11),1.0,49281,3,0.956764613354713,0.001345551615577002,0.0,0.0,0.8348931570058015,0.0013440918590643127,0.0,0.0,0.6460267546589339,0.0032946645280297364,0.5114655900631232,0.008101538510342574,0.5154001330171765,0.0060250919247495874,0.0,0.0,0.6103519987408329,0.0023727575054348317,0.7361039034410742,0.0028933494513865878,0.47493981609247427,0.0035081391083916845
simdinov2_vitb16_lora_r8_qkv,SimDINOv2-B LoRA r8 (Q+K+V),1.0,49281,3,0.9557929285568144,0.0035263479157297533,0.0,0.0,0.841819297871885,0.003916228497623833,0.0,0.0,0.6390936087739701,0.003911229402645354,0.517712288351366,0.01123537507894421,0.5151103869349615,0.02761955916516886,0.0,0.0,0.60283365133618,0.0029080085776473047,0.7422031626524582,0.004751894679308681,0.47884078064718266,0.013036411343596187
simdinov2_vitb16_lora_r8_rslora,SimDINOv2-B LoRA r8 (rsLoRA),1.0,49281,3,0.9548178145515864,0.003412549151837584,0.0,0.0,0.8418252832608312,0.0019887924372540985,0.0,0.0,0.6382365033869434,0.007225509159197167,0.5136986325273167,0.003806060712038691,0.4857470657391807,0.022066287873861327,0.0,0.0,0.5911068763873093,0.009410370123979247,0.7364992181107963,0.005731319136994751,0.46683739700096033,0.013246908009157935
simdinov2_vitb16_lora_r8_s2,SimDINOv2-B LoRA r8 (scaling 2),1.0,49281,3,0.9544974482882317,0.003513970844270033,0.0,0.0,0.8419486091046657,0.0011363023744563987,0.0,0.0,0.6371051185595774,0.003975412603558697,0.5117206249126648,0.002588253348718105,0.4906344077381923,0.016588652201155542,0.0,0.0,0.5934604590687897,0.008092485127831651,0.738073374721738,0.004281575254043634,0.46927830646632535,0.008865469320405446
simdinov2_vitb16_mhsa,SimDINOv2 ViT-B/16 MHSA,1.0,49281,3,0.9536423656064267,0.0034988708592703444,0.017543859649122806,0.0,0.8333574119178718,0.002663038693125658,0.0,0.0,0.6202046623896674,0.006906244925630568,0.5059407828791763,0.004601752761469211,0.4550254566942722,0.012604496064174247,0.0,0.0,0.5858862715455592,0.010746713361928083,0.724417875249426,0.004010707626531902,0.4634439990778884,0.014629718593458784
simdinov2_vitb16_norm_tuning,SimDINOv2-B NormTuning,1.0,49281,3,0.9553921519962413,0.0010690285704380471,0.0,0.0,0.8368785846264298,0.0005818926123172432,0.0,0.0,0.6373476576114415,0.0009317737111340034,0.5010442900199972,0.0025599140687967694,0.5117775550587207,0.00389906938932833,0.0,0.0,0.6009551536997823,0.00216027331644464,0.7348329568859171,0.00024623111310273906,0.4809623362186079,0.003547295850797533
simdinov2_vitl16_lora,SimDINOv2 ViT-L/16 LoRA r=8,1.0,49281,3,0.9549483453479081,0.004068354664270001,0.011695906432748537,0.010128952091046065,0.8486882602763343,0.0049486540451513525,0.0,0.0,0.6338353908985772,0.011061626341948079,0.528021934734551,0.01036205769955366,0.5046408942111166,0.023083371652065497,0.0,0.0,0.6101780287924007,0.012633480897629595,0.7542520289926579,0.004693066423605289,0.47100752596694195,0.014432953048059529
vitb16_full_old,ViT-B/16 IN-Full,0.01,492,3,0.8454255531968436,0.07542376560132365,0.0,0.0,0.7922740796253857,0.03457079465726622,0.0,0.0,0.591097538551493,0.02400090869030369,0.408319811487639,0.053607283145473604,0.3519341096437718,0.05533375805036814,0.0,0.0,0.5228950733639234,0.00834572305997203,0.6864571193820478,0.02750264773228631,0.37396953609166445,0.08404413896006288
vitb16_full_old,ViT-B/16 IN-Full,0.05,2463,3,0.9523879314742572,0.005845561012215745,0.0,0.0,0.8154974711886492,0.021461226440804924,0.0,0.0,0.6135172101026343,0.014333809838375969,0.44189917389284467,0.020842053490253372,0.45329631161234424,0.05392129859162843,0.0,0.0,0.6038994536315211,0.00529076159383944,0.7268185843371083,0.008878822291533682,0.43913110243862924,0.06644576600400377
vitb16_full_old,ViT-B/16 IN-Full,0.1,4927,3,0.955436197106511,0.00404799372955853,0.0,0.0,0.8228474715610963,0.0033899504720497297,0.0,0.0,0.6263276815786191,0.010248323796803065,0.47170798386026425,0.020372221004428596,0.4863278341133633,0.01526647422169943,0.0,0.0,0.6048758095243202,0.01106189529696564,0.7363872348781871,0.004534770168218296,0.45297354536453094,0.03442165751848713
vitb16_full_old,ViT-B/16 IN-Full,0.25,12320,3,0.95582247565277,0.001964541700515075,0.0,0.0,0.8199467584484799,0.010026124807131963,0.0,0.0,0.6334927909975884,0.001294079574890592,0.4727764156967922,0.0175970707361132,0.4933167654220285,0.01029684859142985,0.0,0.0,0.6067249531306124,0.01632505697542127,0.7503540677390133,0.003624411098262037,0.45033889675379674,0.03816383449531586
vitb16_full_old,ViT-B/16 IN-Full,0.5,24639,3,0.9574911137569607,0.0022281096209363924,0.0,0.0,0.8193570897964376,0.016936747397146835,0.0,0.0,0.6348082684395191,0.01423651628110287,0.4799418232318898,0.004183050642319069,0.49307509766103114,0.026240417211756014,0.0,0.0,0.594309754999829,0.019918707388299782,0.7408953018865952,0.014162095744898701,0.44313294036122003,0.05154559245439903
vitb16_full_old,ViT-B/16 IN-Full,0.7,34497,3,0.956347620274271,0.0004955519524139801,0.011544227886056973,0.009997875649013018,0.8225106468088388,0.006213329495938149,0.0,0.0,0.6280333763724072,0.01621357295381178,0.47502063073077166,0.015155165536900453,0.47230432989683496,0.02302554944253936,0.0,0.0,0.5845583711520784,0.0026294429851627136,0.7298429104523431,0.01031676936285763,0.46154785767106965,0.006139550680700162
vitb16_full_old,ViT-B/16 IN-Full,1.0,49281,3,0.9571952601839177,0.00019408469466068438,0.011595079653155878,0.010042772411595758,0.8298507172537445,0.0025584860211324686,0.0,0.0,0.6386416275790228,0.0010185274639575581,0.5023232056346378,0.008365110156174502,0.48966055773239753,0.00402321050121802,0.0,0.0,0.5929964089093418,0.010152943662245619,0.7423600608067247,0.0024011577778231385,0.45677397613836623,0.007719017349951296
vitb16_mhsa_old,ViT-B/16 IN-MHSA,0.01,492,3,0.8275092711242708,0.07076816443471465,0.0,0.0,0.7852891592562088,0.019471398561814696,0.0,0.0,0.5929609158065525,0.028715212422424606,0.42013807028256184,0.0690050328298642,0.31277402758384815,0.05658402225837206,0.0,0.0,0.5373198228382644,0.026000907385168533,0.6970140405075868,0.022094718765848863,0.33952497054506026,0.06122614322811852
vitb16_mhsa_old,ViT-B/16 IN-MHSA,0.05,2463,3,0.9462199100831814,0.006271382279457334,0.0,0.0,0.8235671802982708,0.013404724179531523,0.0,0.0,0.6121821354439722,0.005154286995453819,0.45516302798970876,0.016387639130759694,0.4554381241283539,0.03266719377911959,0.0,0.0,0.5964630254808795,0.006408705350975285,0.7236837262285203,0.009091691051781748,0.4492514853980845,0.054327501279298
vitb16_mhsa_old,ViT-B/16 IN-MHSA,0.1,4927,3,0.9491391624947143,0.006738007364057299,0.0,0.0,0.8310603043553179,0.00977019802347303,0.0,0.0,0.6182228424137125,0.008689784431677063,0.47173574298067583,0.018824710944749502,0.4681060446491368,0.016788499555932562,0.0,0.0,0.5958484399281716,0.010187168315503571,0.7317808322005633,0.008569024955608191,0.470516370029827,0.03594236112761624
vitb16_mhsa_old,ViT-B/16 IN-MHSA,0.25,12320,3,0.9536791383326161,0.0005350351454588035,0.0,0.0,0.824815320883805,0.010592051462448175,0.0,0.0,0.6353206692451884,0.005707281698729462,0.4724778030181033,0.01567040231738648,0.483623649688442,0.014279364924776761,0.0,0.0,0.6036123158493161,0.003053724019268195,0.7395414235934696,0.0033913935643300843,0.4404291037828389,0.03686112395691123
vitb16_mhsa_old,ViT-B/16 IN-MHSA,0.5,24639,3,0.9554955989498733,0.003330234416102016,0.0,0.0,0.8314473248517288,0.004217795494843828,0.0,0.0,0.6447670781969678,0.0026227625619305115,0.4869326109924359,0.002521604311594646,0.5084646268491274,0.016370218814634137,0.0,0.0,0.606351727220817,0.004486723217750003,0.7435904645954209,0.003132713956254051,0.45437221954800483,0.030673851644139136
vitb16_mhsa_old,ViT-B/16 IN-MHSA,0.7,34497,3,0.9556916743728641,0.0024341549127298015,0.017241379310344827,0.02986294495808409,0.829926709301882,0.006666177499854291,0.0,0.0,0.6453779090941584,0.0033708460148456827,0.4859570053902813,0.006138803008892925,0.5196432573766923,0.008153889875437746,0.0,0.0,0.6087431650211581,0.0042664563936290305,0.7421488133044858,0.003081071857749938,0.45646732968162435,0.014515733335221883
vitb16_mhsa_old,ViT-B/16 IN-MHSA,1.0,49281,3,0.9544777379668683,0.0006774969877097412,0.011299435028248588,0.019571195565750026,0.8231734584848369,0.007954593103912161,0.0,0.0,0.6431428934335273,0.009907785809838842,0.48482211583368934,0.0033886306117062188,0.4833638487041148,0.022642519357153557,0.0,0.0,0.598037026589816,0.006871075026241016,0.7362572142903586,0.0067643045588804,0.421585718386782,0.013874017718210277
vitb16_scratch_old,ViT-B/16 IN-Scratch,0.01,492,3,0.607042656220317,0.08057720753634262,0.0049382716049382715,0.00855333732132779,0.5701192319724452,0.04024589106668626,0.0025252525252525255,0.0043738656756789835,0.4689058439602935,0.017914957812240076,0.3263737928606101,0.0714102143583454,0.024300677860611377,0.026945355673282885,0.0,0.0,0.20930994675670409,0.07565065008123416,0.4087880720980217,0.024215428938363363,0.026088028791084312,0.01663140104900379
vitb16_scratch_old,ViT-B/16 IN-Scratch,0.05,2463,3,0.5809234778166825,0.08340419800298425,0.0,0.0,0.5814470146108525,0.0409146461786189,0.0,0.0,0.5180374790435215,0.04071394915954345,0.37725671026833724,0.022774644090825642,0.03613621898488065,0.01373091274389129,0.0,0.0,0.27719729767816076,0.06936184449268418,0.41676053054163315,0.11920182850911638,0.047638490197583726,0.006491925800321389
vitb16_scratch_old,ViT-B/16 IN-Scratch,0.1,4927,3,0.5324174957269676,0.13562877572506038,0.005291005291005291,0.009164289987136916,0.5737351328775818,0.061054572104106745,0.00273224043715847,0.004732379255652671,0.503159923930265,0.07182003613459927,0.36204037988262483,0.05745649271283001,0.09357385960213271,0.0617788113933239,0.0,0.0,0.2928902653170418,0.07733040458713193,0.4275008224766094,0.124926118451354,0.04882137019365727,0.004364965585444609
vitb16_scratch_old,ViT-B/16 IN-Scratch,0.25,12320,3,0.5700783939585419,0.1358310843985572,0.0045662100456621,0.007908907797118161,0.581029523808318,0.03788999056374918,0.0033670033670033673,0.005831820900905312,0.5251401425261842,0.035297254762150655,0.388223296666891,0.01154997371109631,0.15282017288245683,0.08697517404780054,0.00980392156862745,0.01698089027028311,0.3097598421951155,0.0427695605783623,0.4785274434709404,0.09232317310695153,0.057489979709660695,0.018257609708882558
vitb16_scratch_old,ViT-B/16 IN-Scratch,0.5,24639,3,0.7492245074906577,0.023431220325067288,0.00516795865633075,0.008951166964180244,0.6914114744066691,0.030403959723635472,0.0,0.0,0.5736344667420396,0.017533573095603446,0.49470366222583556,0.017388609421535875,0.2340273516463589,0.02497781335714348,0.0,0.0,0.4093661195599685,0.009825635860219995,0.5166272722152386,0.0344459188807819,0.08846854819140108,0.024608491488146884
vitb16_scratch_old,ViT-B/16 IN-Scratch,0.7,34497,3,0.7505301407398436,0.022402196889791903,0.0,0.0,0.6901001633545173,0.011301824553771184,0.0,0.0,0.5604389897764656,0.020846254904685363,0.48951824831290897,0.014296928886784601,0.23081856326678485,0.02141805448247274,0.0,0.0,0.4026077789517822,0.015100093746474127,0.4961167193216182,0.03740751776949599,0.08281190000876157,0.011957703078501778
vitb16_scratch_old,ViT-B/16 IN-Scratch,1.0,49281,3,0.7839153987086179,0.0028576293980702855,0.0056022408963585435,0.009703365868733205,0.6894568161306484,0.011905478077916061,0.0036036036036036037,0.006241624531779739,0.5751116681041846,0.008637135807370746,0.4877064191299543,0.005644090413529386,0.25029037247038977,0.03153640472677932,0.048780487804878044,0.0844902832960428,0.4188424988047313,0.01226093255236849,0.5362187205488845,0.01785348221952603,0.10433631071164769,0.011473994784286996
