model,display,type,init,pipeline,fraction,n_train_tiles,seed,f1_pres,f1_pres_val,f1_8cls,accuracy,best_epoch,best_C,probe,run_dir,f1_ALDE,f1_ARCA,f1_BIRC,f1_DRYI,f1_LICH,f1_MOSS,f1_PETF,f1_RUBC,f1_SEDG,f1_TUSS,f1_WILL
dinov3_vitb16_lvd_full,DINOv3 ViT-B/16 Full,ft_fresh,DINOv3-B,ft_ssl,1.0,49281,0,0.4766314136836163,0.4905752239306072,0.6510578489873862,0.7071826343902716,11,0.001,interne_run,ft_ssl_results/dinov3_vitb16_lvd_full_runs/frac100_seed0,0.957613814756672,0.034482758620689655,0.8258955373223934,0.0,0.632895158704713,0.5,0.5044150110375276,0.0,0.6066208082545141,0.7391239348183585,0.44189852700491
dinov3_vitb16_lvd_full,DINOv3 ViT-B/16 Full,ft_fresh,DINOv3-B,ft_ssl,1.0,49281,1,0.4816456839353575,0.4824314115787294,0.6520169137717722,0.7094556199568133,11,0.001,interne_run,ft_ssl_results/dinov3_vitb16_lvd_full_runs/frac100_seed1,0.9525547445255474,0.08196721311475409,0.8289238114183409,0.0,0.6347574686797302,0.5061728395061729,0.48654708520179374,0.0,0.6072362685265911,0.7423723768417919,0.45757071547420963
dinov3_vitb16_lvd_full,DINOv3 ViT-B/16 Full,ft_fresh,DINOv3-B,ft_ssl,1.0,49281,2,0.47829938194740435,0.4907683997650621,0.657661650177681,0.7164450505739288,11,0.0001,interne_run,ft_ssl_results/dinov3_vitb16_lvd_full_runs/frac100_seed2,0.9574745630054787,0.0,0.8346472609662422,0.0,0.6337579617834395,0.5151262836525118,0.5176600441501104,0.0,0.6199913830245584,0.753810082063306,0.4288256227758007
dinov3_vitb16_lvd_lora_r8,DINOv3 ViT-B/16 LoRA r=8,ft_fresh,DINOv3-B,dinov3b_lora8,0.005,247,0,0.39589002705767645,0.3692321278203177,0.5443487872043051,0.636890555744971,46,0.01,interne_run,results/datacurve_lora/runs/frac000_seed0,0.8045454545454546,0.0,0.7733229024056327,0.0,0.531700288184438,0.37561241154055525,0.3789599521817095,0.0,0.5260557053009883,0.7149255887877475,0.249667994687915
dinov3_vitb16_lvd_lora_r8,DINOv3 ViT-B/16 LoRA r=8,ft_fresh,DINOv3-B,dinov3b_lora8,0.005,247,1,0.4145600717305149,0.39437666798090487,0.570020098629458,0.658313444709626,48,0.01,interne_run,results/datacurve_lora/runs/frac000_seed1,0.9222343921139102,0.0,0.8115676763979134,0.0,0.5702938840349484,0.3326432022084196,0.3603988603988604,0.0,0.5064904413500118,0.6933838531040513,0.3631484794275492
dinov3_vitb16_lvd_lora_r8,DINOv3 ViT-B/16 LoRA r=8,ft_fresh,DINOv3-B,dinov3b_lora8,0.005,247,2,0.4127084260620358,0.4089682449374879,0.5674740858352992,0.6517786112058188,49,0.01,interne_run,results/datacurve_lora/runs/frac000_seed2,0.86279296875,0.0,0.8025440313111546,0.0,0.5485751295336787,0.3250814332247557,0.3835125448028674,0.0,0.5150871228219295,0.7166572875633089,0.3855421686746988
dinov3_vitb16_lvd_lora_r8,DINOv3 ViT-B/16 LoRA r=8,ft_fresh,DINOv3-B,dinov3b_lora8,0.01,492,0,0.42473689403751785,0.4181587654338374,0.5840132293015872,0.6581429707921355,50,0.01,interne_run,results/datacurve_lora/runs/frac001_seed0,0.8642092746730083,0.0,0.7939476725858989,0.0,0.5397412199630314,0.44883720930232557,0.47111472742066723,0.0,0.5380645161290323,0.7217528282972935,0.29443838604143946
dinov3_vitb16_lvd_lora_r8,DINOv3 ViT-B/16 LoRA r=8,ft_fresh,DINOv3-B,dinov3b_lora8,0.01,492,1,0.43925932031840964,0.44608827121833694,0.6039815654378131,0.6697351971814979,48,0.01,interne_run,results/datacurve_lora/runs/frac001_seed1,0.944340878828229,0.0,0.8366439371479395,0.0,0.5944584382871536,0.32707774798927614,0.47413793103448276,0.0,0.5138711054204012,0.6961764705882353,0.4451460142067877
dinov3_vitb16_lvd_lora_r8,DINOv3 ViT-B/16 LoRA r=8,ft_fresh,DINOv3-B,dinov3b_lora8,0.01,492,2,0.4135151914957257,0.42561933725448925,0.5685833883066228,0.6419479486305262,49,0.01,interne_run,results/datacurve_lora/runs/frac001_seed2,0.811219946571683,0.0,0.7806458355105027,0.0,0.5786666666666667,0.4266921789045683,0.3917970858067998,0.0,0.49646107178968657,0.7250479139024031,0.3381364073006724
dinov3_vitb16_lvd_lora_r8,DINOv3 ViT-B/16 LoRA r=8,ft_fresh,DINOv3-B,dinov3b_lora8,0.05,2463,0,0.452984714071854,0.46992843304639853,0.6228539818487993,0.6877486077963405,49,0.001,interne_run,results/datacurve_lora/runs/frac005_seed0,0.9436763952892985,0.0,0.801906779661017,0.0,0.6463042150274894,0.5098913346336027,0.47480708125283705,0.0,0.5727699530516432,0.7379008746355685,0.29557522123893804
dinov3_vitb16_lvd_lora_r8,DINOv3 ViT-B/16 LoRA r=8,ft_fresh,DINOv3-B,dinov3b_lora8,0.05,2463,1,0.467544953884224,0.4717852611216364,0.642874311590808,0.706273440163655,44,0.001,interne_run,results/datacurve_lora/runs/frac005_seed1,0.9431230610134437,0.0,0.8431730574152972,0.0,0.6398330351818724,0.468740913056121,0.4503171247357294,0.0,0.6078815588939691,0.7362395420519595,0.45368620037807184
dinov3_vitb16_lvd_lora_r8,DINOv3 ViT-B/16 LoRA r=8,ft_fresh,DINOv3-B,dinov3b_lora8,0.05,2463,2,0.46770109397184695,0.47343767305391643,0.6430890042112896,0.6981475167632686,44,0.001,interne_run,results/datacurve_lora/runs/frac005_seed2,0.9468549422336329,0.0,0.8121390318177045,0.0,0.6442432082794308,0.471313672922252,0.4796926454445664,0.0,0.6103554190434402,0.7443933294997125,0.4357197844495766
dinov3_vitb16_lvd_lora_r8,DINOv3 ViT-B/16 LoRA r=8,ft_fresh,DINOv3-B,dinov3b_lora8,0.1,4927,0,0.46675968310209615,0.4759746543493424,0.6417945642653822,0.7013296965564269,33,0.001,interne_run,results/datacurve_lora/runs/frac010_seed0,0.952061855670103,0.0,0.8252447406790252,0.0,0.6350620426344257,0.48904267589388695,0.5059894585529469,0.0,0.5839479392624729,0.7415345049292756,0.4014732965009208
dinov3_vitb16_lvd_lora_r8,DINOv3 ViT-B/16 LoRA r=8,ft_fresh,DINOv3-B,dinov3b_lora8,0.1,4927,1,0.47398239704999984,0.47279835319651686,0.6517257959437499,0.7080918286168882,19,0.001,interne_run,results/datacurve_lora/runs/frac010_seed1,0.9517133956386293,0.0,0.8320972393901936,0.0,0.6382978723404256,0.4868571428571429,0.4932869219293884,0.0,0.615418405446958,0.7431152557190733,0.45302013422818793
dinov3_vitb16_lvd_lora_r8,DINOv3 ViT-B/16 LoRA r=8,ft_fresh,DINOv3-B,dinov3b_lora8,0.1,4927,2,0.47684392653397195,0.4762870906734866,0.6556603989842115,0.7036595067621321,17,0.001,interne_run,results/datacurve_lora/runs/frac010_seed2,0.9498069498069498,0.0,0.8131495227995759,0.0,0.6540761724897702,0.5016447368421053,0.5045408678102926,0.0,0.6172518422193325,0.7393476344401998,0.46546546546546547
dinov3_vitb16_lvd_lora_r8,DINOv3 ViT-B/16 LoRA r=8,ft_fresh,DINOv3-B,dinov3b_lora8,0.25,12320,0,0.4751911176260217,0.4859713552198955,0.6533877867357798,0.7093987953176497,26,0.001,interne_run,results/datacurve_lora/runs/frac025_seed0,0.9577391755250194,0.0,0.8243427254634964,0.0,0.6511338925132029,0.5225375626043406,0.500517063081696,0.0,0.6060217809096733,0.746407316011032,0.4184027777777778
dinov3_vitb16_lvd_lora_r8,DINOv3 ViT-B/16 LoRA r=8,ft_fresh,DINOv3-B,dinov3b_lora8,0.25,12320,1,0.4712090671353258,0.4812086735973394,0.647912467311073,0.7047959995454028,21,0.001,interne_run,results/datacurve_lora/runs/frac025_seed1,0.9581492071744216,0.0,0.8232763036574121,0.0,0.6360354446997046,0.5005543237250555,0.48621553884711777,0.0,0.6124529138045646,0.7370858052380264,0.42953020134228187
dinov3_vitb16_lvd_lora_r8,DINOv3 ViT-B/16 LoRA r=8,ft_fresh,DINOv3-B,dinov3b_lora8,0.25,12320,2,0.47419669222738375,0.4857692944281165,0.6520204518126527,0.7024661893396977,12,0.001,interne_run,results/datacurve_lora/runs/frac025_seed2,0.9569502074688797,0.0,0.8137398204217999,0.0,0.6271887933779051,0.5128059191804212,0.4987039917055469,0.0,0.6121673003802282,0.7385436749221415,0.4560639070442992
dinov3_vitb16_lvd_lora_r8,DINOv3 ViT-B/16 LoRA r=8,ft_fresh,DINOv3-B,dinov3b_lora8,0.5,24639,0,0.4829190958107,0.48527706488772837,0.6640137567397125,0.7186043868621435,27,0.001,interne_run,results/datacurve_lora/runs/frac050_seed0,0.9607077803799116,0.0,0.8345059651269502,0.0,0.6693903205531112,0.529346003353829,0.5194936708860759,0.0,0.6113691661136916,0.7461988304093568,0.44109831709477415
dinov3_vitb16_lvd_lora_r8,DINOv3 ViT-B/16 LoRA r=8,ft_fresh,DINOv3-B,dinov3b_lora8,0.5,24639,1,0.4752730194477568,0.4871364224271391,0.6535004017406656,0.7089441982043414,7,0.001,interne_run,results/datacurve_lora/runs/frac050_seed1,0.9569752281616688,0.0,0.8298942613694692,0.0,0.6434108527131783,0.49633802816901407,0.5020161290322581,0.0,0.6077844311377245,0.7463959988231833,0.44518828451882847
dinov3_vitb16_lvd_lora_r8,DINOv3 ViT-B/16 LoRA r=8,ft_fresh,DINOv3-B,dinov3b_lora8,0.5,24639,2,0.48230350534434746,0.4833115725815212,0.6631673198484778,0.7133196954199341,26,0.001,interne_run,results/datacurve_lora/runs/frac050_seed2,0.9576733316021813,0.0,0.8276979145576028,0.0,0.6434282059481932,0.5238752415125586,0.5233841303205465,0.0,0.6263498920086393,0.7365689865689866,0.46636085626911317
dinov3_vitb16_lvd_lora_r8,DINOv3 ViT-B/16 LoRA r=8,ft_fresh,DINOv3-B,dinov3b_lora8,0.7,34497,0,0.4851761287494217,0.4862832086804072,0.6671171770304549,0.7229230594385726,22,0.001,interne_run,results/datacurve_lora/runs/frac070_seed0,0.9622690606297164,0.0,0.8440422936152908,0.0,0.6530740276035132,0.5391884380211228,0.523735002608242,0.0,0.6141592920353982,0.7498904949627683,0.4505788067675868
dinov3_vitb16_lvd_lora_r8,DINOv3 ViT-B/16 LoRA r=8,ft_fresh,DINOv3-B,dinov3b_lora8,0.7,34497,1,0.48186317467961964,0.49054930042022116,0.6625618651844771,0.7156495056256392,14,0.001,interne_run,results/datacurve_lora/runs/frac070_seed1,0.9595617010174797,0.0,0.8370626525630595,0.0,0.6494178525226391,0.5220468154599891,0.5055526176626124,0.0,0.616017316017316,0.7417001637635849,0.4691358024691358
dinov3_vitb16_lvd_lora_r8,DINOv3 ViT-B/16 LoRA r=8,ft_fresh,DINOv3-B,dinov3b_lora8,0.7,34497,2,0.48341275508937415,0.4849997496169138,0.6646925382478894,0.7150812592340039,19,0.001,interne_run,results/datacurve_lora/runs/frac070_seed2,0.9594594594594594,0.0,0.8314788589925146,0.0,0.643180349062702,0.5238095238095238,0.514668039114771,0.0,0.6215277777777778,0.7416413373860182,0.48177496038034867
dinov3_vitb16_lvd_lora_r8,DINOv3 ViT-B/16 LoRA r=8,ft_fresh,DINOv3-B,dinov3b_lora8,1.0,49281,0,0.48603118722658406,0.4845680324089179,0.6682928824365532,0.7217865666553017,18,0.001,interne_run,results/datacurve_lora/runs/frac100_seed0,0.9602287496750714,0.0,0.8456076283221748,0.0,0.6435054773082942,0.5282191780821918,0.5159515951595159,0.0,0.6217704362558238,0.748301373999698,0.4827586206896552
dinov3_vitb16_lvd_lora_r8,DINOv3 ViT-B/16 LoRA r=8,ft_fresh,DINOv3-B,dinov3b_lora8,1.0,49281,1,0.48366453297854994,0.4899280731448332,0.6650387328455063,0.7189453346971246,13,0.001,interne_run,results/datacurve_lora/runs/frac100_seed1,0.9598121085594989,0.0,0.8444267039217643,0.0,0.6372643016938319,0.5186850238831132,0.49690837549184935,0.0,0.6151281516982705,0.7438116932422172,0.5042735042735043
dinov3_vitb16_lvd_lora_r8,DINOv3 ViT-B/16 LoRA r=8,ft_fresh,DINOv3-B,dinov3b_lora8,1.0,49281,2,0.478899891423471,0.48952473197337976,0.6584873507072726,0.710478463461757,13,0.001,interne_run,results/datacurve_lora/runs/frac100_seed2,0.958832725377801,0.0,0.8293925805136567,0.0,0.6436853650893137,0.5145275035260931,0.5071618037135278,0.0,0.6169133192389006,0.7386834433021329,0.45870206489675514
dinov3_vitb16_lvd_mhsa,DINOv3 ViT-B/16 MHSA,ft_fresh,DINOv3-B,ft_ssl,1.0,49281,0,0.4818406627952175,0.48222929054474034,0.6625309113434241,0.7216729173769747,13,0.0001,interne_run,ft_ssl_results/dinov3_vitb16_lvd_mhsa_runs/frac100_seed0,0.9576293215492592,0.0,0.8438852541519879,0.0,0.6449778900821226,0.5326770576975663,0.49636668529904976,0.0,0.6310638297872341,0.7488009592326139,0.4448462929475588
dinov3_vitb16_lvd_mhsa,DINOv3 ViT-B/16 MHSA,ft_fresh,DINOv3-B,ft_ssl,1.0,49281,1,0.476832333874005,0.4913950577372368,0.655644459076757,0.7129787475849528,19,0.0001,interne_run,ft_ssl_results/dinov3_vitb16_lvd_mhsa_runs/frac100_seed1,0.9584747975972839,0.0,0.840466163940848,0.0,0.6137208516390672,0.49514563106796117,0.4959254947613504,0.0,0.6050420168067226,0.7408852213053263,0.4954954954954955
dinov3_vitb16_lvd_mhsa,DINOv3 ViT-B/16 MHSA,ft_fresh,DINOv3-B,ft_ssl,1.0,49281,2,0.4786369026221912,0.4856286430174736,0.6537779150185564,0.7086600750085237,18,0.001,interne_run,ft_ssl_results/dinov3_vitb16_lvd_mhsa_runs/frac100_seed2,0.9585301837270341,0.034782608695652174,0.8406167141313955,0.0,0.6182639561148757,0.48868778280542985,0.4985706117781589,0.0,0.6005035669324381,0.7320707854703509,0.49297971918876754
dinov3_vitl16_lvd_lora,DINOv3 ViT-L/16 LoRA r=8,ft_fresh,DINOv3-L,lora_3models,1.0,49281,0,0.48556567631224645,0.48348808154375605,0.6676528049293389,0.7249119218092965,32,0.0001,interne_run,ViTB_L_LoRA/lora_3models/runs/dinov3_vitl16_lvd_lora_frac100_seed0,0.9598749348619072,0.0,0.8467868338557993,0.0,0.6397394136807818,0.5327438518927881,0.5043680838672102,0.0,0.6109461179465422,0.7541816009557945,0.49258160237388726
dinov3_vitl16_lvd_lora,DINOv3 ViT-L/16 LoRA r=8,ft_fresh,DINOv3-L,lora_3models,1.0,49281,1,0.48370243685604514,0.48376828318993736,0.6650908506770621,0.7221843391294466,24,0.0001,interne_run,ViTB_L_LoRA/lora_3models/runs/dinov3_vitl16_lvd_lora_frac100_seed1,0.9549361812972128,0.0,0.8404938271604938,0.0,0.6345095500161865,0.5287789133942981,0.5037637521713955,0.0,0.6316010940458657,0.7523577730453301,0.4742857142857143
dinov3_vitl16_lvd_lora,DINOv3 ViT-L/16 LoRA r=8,ft_fresh,DINOv3-L,lora_3models,1.0,49281,2,0.48325691107103325,0.48481866533688667,0.6644782527226707,0.7233776565518809,19,0.0001,interne_run,ViTB_L_LoRA/lora_3models/runs/dinov3_vitl16_lvd_lora_frac100_seed2,0.9639874739039666,0.0,0.8453320019970045,0.0,0.6438802083333334,0.5255006675567423,0.5137614678899083,0.0,0.6228690228690229,0.7531531531531531,0.4473420260782347
resnet50_fulft_sota,ResNet-50 IN-FT,ft_old,ImageNet,sota_screening,1.0,49281,0,0.45406643629808596,0.461501700441587,0.6243413499098682,0.6886009773837937,21,0.0001,interne_run,runs/frac100_seed0,0.9321857068335941,0.0,0.8153380423814329,0.0,0.6324675324675325,0.46829843703922147,0.48016486347243686,0.0,0.5750759878419452,0.7256296296296296,0.3655705996131528
resnet50_fulft_sota,ResNet-50 IN-FT,ft_old,ImageNet,sota_screening,1.0,49281,1,0.4604054295789664,0.465805190497997,0.6330574656710787,0.6939424934651665,33,0.0001,interne_run,runs/frac100_seed1,0.9309634209170531,0.0,0.8138947793597899,0.0,0.6212624584717608,0.48035190615835777,0.5064201335387776,0.0,0.5902171706921048,0.7317145395321291,0.3896353166986564
resnet50_fulft_sota,ResNet-50 IN-FT,ft_old,ImageNet,sota_screening,1.0,49281,2,0.4574390416389153,0.4689719489850569,0.6289786822535085,0.6912717354244801,33,0.0001,interne_run,runs/frac100_seed2,0.9355423246181724,0.0,0.8105762438187506,0.0,0.6334330342306415,0.47593582887700536,0.4936644703497212,0.0,0.5834683954619124,0.7293978399171475,0.36981132075471695
simdinov2_vitb16_full,SimDINOv2 ViT-B/16 Full,ft_fresh,SimDINOv2-B,ft_ssl,1.0,49281,0,0.4828795175957917,0.47640131540905184,0.6639593366942137,0.7209910217070121,11,0.0001,interne_run,ft_ssl_results/simdinov2_vitb16_full_runs/frac100_seed0,0.9568175870191049,0.0,0.8494613027577345,0.0,0.6353719008264462,0.5174333430999121,0.5115511551155115,0.0,0.5944816053511706,0.7495280964135328,0.497029702970297
simdinov2_vitb16_full,SimDINOv2 ViT-B/16 Full,ft_fresh,SimDINOv2-B,ft_ssl,1.0,49281,1,0.48200604243260337,0.47936947304473776,0.6627583083448297,0.721388794181157,11,0.0001,interne_run,ft_ssl_results/simdinov2_vitb16_full_runs/frac100_seed1,0.9547475804342139,0.0,0.8498175722315353,0.0,0.6259136212624584,0.5101500441306267,0.52026286966046,0.0,0.6027454242928453,0.7532808398950132,0.48514851485148514
simdinov2_vitb16_full,SimDINOv2 ViT-B/16 Full,ft_fresh,SimDINOv2-B,ft_ssl,1.0,49281,2,0.46960268938816174,0.4742523458938374,0.6457036979087224,0.7060461416070007,19,0.0001,interne_run,ft_ssl_results/simdinov2_vitb16_full_runs/frac100_seed2,0.9445733436452693,0.0,0.8421989321732253,0.0,0.6179337231968811,0.5073848827106864,0.46495726495726497,0.0,0.5703549060542797,0.7338960462016881,0.4843304843304843
simdinov2_vitb16_lora,SimDINOv2 ViT-B/16 LoRA r=8,ft_fresh,SimDINOv2-B,lora_3models,1.0,49281,0,0.47600860066694817,0.48251694567454373,0.6545118259170536,0.7129219229457893,13,0.001,interne_run,ViTB_L_LoRA/lora_3models/runs/simdinov2_vitb16_lora_frac100_seed0,0.9524798753570501,0.0,0.8393409885172242,0.0,0.63958401039974,0.5108447488584474,0.48841153193894854,0.0,0.6002059732234809,0.7417238294065016,0.4635036496350365
simdinov2_vitb16_lora,SimDINOv2 ViT-B/16 LoRA r=8,ft_fresh,SimDINOv2-B,lora_3models,1.0,49281,1,0.4813389374994056,0.4784842996930298,0.6618410390616827,0.7180929651096716,13,0.001,interne_run,ViTB_L_LoRA/lora_3models/runs/simdinov2_vitb16_lora_frac100_seed1,0.9534762153685311,0.0,0.8453526435869457,0.0,0.6431347150259067,0.5140449438202247,0.509090909090909,0.0,0.6040850010315659,0.743122009569378,0.482421875
simdinov2_vitb16_lora,SimDINOv2 ViT-B/16 LoRA r=8,ft_fresh,SimDINOv2-B,lora_3models,1.0,49281,2,0.47691207245919587,0.46712508213494497,0.6557540996313943,0.7124105011933174,19,0.001,interne_run,ViTB_L_LoRA/lora_3models/runs/simdinov2_vitb16_lora_frac100_seed2,0.9558400836164097,0.0,0.8434188372783995,0.0,0.63042071197411,0.5190582959641256,0.4955257270693512,0.0,0.5950882890196875,0.7341227125941873,0.47255813953488374
simdinov2_vitb16_lora_r16,SimDINOv2-B LoRA r16,ft_fresh,SimDINOv2-B,simb_stageA,1.0,49281,0,0.4753270192975631,0.4822037939814649,0.6535746515341494,0.7112740084100466,13,0.001,interne_run,results/lora_simb_ablation/runs/simdinov2_vitb16_lora_r16a16_frac100_seed0,0.9518633540372671,0.0,0.8395796153083482,0.0,0.6340662947161142,0.5087521174477696,0.4855156431054461,0.0,0.5959720509658858,0.7351529694061187,0.47769516728624534
simdinov2_vitb16_lora_r16,SimDINOv2-B LoRA r16,ft_fresh,SimDINOv2-B,simb_stageA,1.0,49281,1,0.4787554863599024,0.47963835283078765,0.6582887937448657,0.7172405955222184,13,0.001,interne_run,results/lora_simb_ablation/runs/simdinov2_vitb16_lora_r16a16_frac100_seed1,0.9529534762153685,0.0,0.844255823134623,0.0,0.6338120104438643,0.5177920986270664,0.49658314350797267,0.0,0.6032076650697771,0.7474566128067026,0.47024952015355087
simdinov2_vitb16_lora_r16,SimDINOv2-B LoRA r16,ft_fresh,SimDINOv2-B,simb_stageA,1.0,49281,2,0.47668909114788194,0.4704137127760376,0.6554475003283377,0.7116149562450278,13,0.001,interne_run,results/lora_simb_ablation/runs/simdinov2_vitb16_lora_r16a16_frac100_seed2,0.9564309939994782,0.0,0.8417615042058387,0.0,0.625968992248062,0.5221238938053098,0.4919309961046188,0.0,0.5961695191524042,0.7327345927531743,0.4764595103578154
simdinov2_vitb16_lora_r16_rslora,SimDINOv2-B LoRA r16 (rsLoRA),ft_fresh,SimDINOv2-B,simb_stageA,1.0,49281,0,0.47661704006892547,0.48063354624480054,0.6510006040078159,0.7094556199568133,13,0.001,interne_run,results/lora_simb_ablation/runs/simdinov2_vitb16_lora_r16a64_frac100_seed0,0.9547817047817048,0.034782608695652174,0.8408131199057253,0.0,0.6369509043927648,0.5073877892389184,0.4688995215311005,0.0,0.589573851882499,0.7283536585365854,0.48124428179322964
simdinov2_vitb16_lora_r16_rslora,SimDINOv2-B LoRA r16 (rsLoRA),ft_fresh,SimDINOv2-B,simb_stageA,1.0,49281,1,0.47432649637274926,0.4824165730371654,0.6521989325125304,0.7109330605750653,13,0.001,interne_run,results/lora_simb_ablation/runs/simdinov2_vitb16_lora_r16a64_frac100_seed1,0.9503285151116951,0.0,0.8377522754254056,0.0,0.6329280315478146,0.5074143974117012,0.49772727272727274,0.0,0.6026072329688814,0.7403947566671689,0.44843897824030277
simdinov2_vitb16_lora_r16_rslora,SimDINOv2-B LoRA r16 (rsLoRA),ft_fresh,SimDINOv2-B,simb_stageA,1.0,49281,2,0.46975871683399734,0.4795400104636298,0.6459182356467463,0.7074099329469258,18,0.001,interne_run,results/lora_simb_ablation/runs/simdinov2_vitb16_lora_r16a64_frac100_seed2,0.9559551733124837,0.0,0.8419709462112289,0.0,0.6251621271076524,0.49814972957586107,0.45760743321718933,0.0,0.5793215518992484,0.7378048780487805,0.4713740458015267
simdinov2_vitb16_lora_r16_s2,SimDINOv2-B LoRA r16 (scaling 2),ft_fresh,SimDINOv2-B,simb_stageA,1.0,49281,0,0.4753243426936206,0.48120532170043634,0.6535709712037283,0.7119559040800091,13,0.001,interne_run,results/lora_simb_ablation/runs/simdinov2_vitb16_lora_r16a32_frac100_seed0,0.954651464109873,0.0,0.8409495548961424,0.0,0.6356538711776187,0.5177523064020129,0.47602131438721135,0.0,0.5939368942049907,0.7333232946845355,0.4762790697674419
simdinov2_vitb16_lora_r16_s2,SimDINOv2-B LoRA r16 (scaling 2),ft_fresh,SimDINOv2-B,simb_stageA,1.0,49281,1,0.47735286847667086,0.4826789365165134,0.6563601941554225,0.7144561882032049,13,0.001,interne_run,results/lora_simb_ablation/runs/simdinov2_vitb16_lora_r16a32_frac100_seed1,0.9539267015706806,0.0,0.8415311384371281,0.0,0.633954857703631,0.5137816979051819,0.5028312570781427,0.0,0.6007540846250524,0.743858597962852,0.46024321796071094
simdinov2_vitb16_lora_r16_s2,SimDINOv2-B LoRA r16 (scaling 2),ft_fresh,SimDINOv2-B,simb_stageA,1.0,49281,2,0.472252623768987,0.4729192224709149,0.6493473576823572,0.7095124445959768,18,0.001,interne_run,results/lora_simb_ablation/runs/simdinov2_vitb16_lora_r16a32_frac100_seed2,0.9546638874413758,0.0,0.8407367280606717,0.0,0.630048465266559,0.5162004984768762,0.4585987261146497,0.0,0.5945835043085761,0.7324635456638526,0.46748350612629597
simdinov2_vitb16_lora_r2,SimDINOv2-B LoRA r2,ft_fresh,SimDINOv2-B,simb_stageA,1.0,49281,0,0.4778291029051887,0.47891220745478263,0.6570150164946346,0.7151380838731674,18,0.001,interne_run,results/lora_simb_ablation/runs/simdinov2_vitb16_lora_r2a2_frac100_seed0,0.9550766034796156,0.0,0.8412872372222776,0.0,0.6269430051813472,0.5174704013860815,0.5008384572386808,0.0,0.6080525883319639,0.7412503739156446,0.4652014652014652
simdinov2_vitb16_lora_r2,SimDINOv2-B LoRA r2,ft_fresh,SimDINOv2-B,simb_stageA,1.0,49281,1,0.48206360490435024,0.47546036512454604,0.6628374567434815,0.7199113535629049,13,0.001,interne_run,results/lora_simb_ablation/runs/simdinov2_vitb16_lora_r2a2_frac100_seed1,0.9528768549856809,0.0,0.8458624127617148,0.0,0.6433430515063168,0.5093525179856115,0.5154407636159462,0.0,0.6061720825669323,0.7504440497335702,0.4792079207920792
simdinov2_vitb16_lora_r2,SimDINOv2-B LoRA r2,ft_fresh,SimDINOv2-B,simb_stageA,1.0,49281,2,0.47818231320639604,0.4732003255369207,0.6575006806587946,0.714569837481532,13,0.001,interne_run,results/lora_simb_ablation/runs/simdinov2_vitb16_lora_r2a2_frac100_seed2,0.9566579634464752,0.0,0.844992599901332,0.0,0.6309639727361246,0.511654349061967,0.4963747908533185,0.0,0.5995901639344262,0.7372739705211974,0.4824976348155156
simdinov2_vitb16_lora_r32,SimDINOv2-B LoRA r32,ft_fresh,SimDINOv2-B,simb_stageA,1.0,49281,0,0.4744158035956268,0.4820605543028302,0.6523217299439867,0.7101375156267757,13,0.001,interne_run,results/lora_simb_ablation/runs/simdinov2_vitb16_lora_r32a32_frac100_seed0,0.9511941848390446,0.0,0.8413152957440505,0.0,0.6312357352461689,0.5107709750566893,0.4881159420289855,0.0,0.5896856379700021,0.7303353887802677,0.47592067988668557
simdinov2_vitb16_lora_r32,SimDINOv2-B LoRA r32,ft_fresh,SimDINOv2-B,simb_stageA,1.0,49281,1,0.4773722386372985,0.4844721508239104,0.6563868281262853,0.7136606432549153,13,0.001,interne_run,results/lora_simb_ablation/runs/simdinov2_vitb16_lora_r32a32_frac100_seed1,0.9539267015706806,0.0,0.8396403517438988,0.0,0.6374058303308221,0.5098256296706338,0.49715585893060293,0.0,0.6005384137502588,0.7430040841022538,0.4695977549111319
simdinov2_vitb16_lora_r32,SimDINOv2-B LoRA r32,ft_fresh,SimDINOv2-B,simb_stageA,1.0,49281,2,0.473490727430972,0.4731716813872113,0.6510497502175865,0.7097965677917946,13,0.001,interne_run,results/lora_simb_ablation/runs/simdinov2_vitb16_lora_r32a32_frac100_seed2,0.957496740547588,0.0,0.8416774065629028,0.0,0.6342562781712814,0.5196241017136539,0.46153846153846156,0.0,0.5895416919038966,0.7334570191713049,0.47080630213160335
simdinov2_vitb16_lora_r4,SimDINOv2-B LoRA r4,ft_fresh,SimDINOv2-B,simb_stageA,1.0,49281,0,0.4743908684379192,0.4823803866980224,0.6522874441021388,0.7115581316058643,32,0.001,interne_run,results/lora_simb_ablation/runs/simdinov2_vitb16_lora_r4a4_frac100_seed0,0.9561380742278743,0.0,0.8374187093546773,0.0,0.6295103092783505,0.5103136479231422,0.5056818181818182,0.0,0.6038122566099611,0.7389606488434965,0.43646408839779005
simdinov2_vitb16_lora_r4,SimDINOv2-B LoRA r4,ft_fresh,SimDINOv2-B,simb_stageA,1.0,49281,1,0.48400573219385623,0.4762834368277736,0.6655078817665523,0.7200250028412319,13,0.001,interne_run,results/lora_simb_ablation/runs/simdinov2_vitb16_lora_r4a4_frac100_seed1,0.9547948784949046,0.0,0.8455736403334657,0.0,0.6455128205128206,0.5087467737310009,0.5247910863509749,0.0,0.606369946917109,0.7462104157286508,0.49206349206349204
simdinov2_vitb16_lora_r4,SimDINOv2-B LoRA r4,ft_fresh,SimDINOv2-B,simb_stageA,1.0,49281,2,0.4771714572751757,0.467294024667183,0.6561107537533667,0.7120695533583362,11,0.001,interne_run,results/lora_simb_ablation/runs/simdinov2_vitb16_lora_r4a4_frac100_seed2,0.9553408200574562,0.0,0.8407984904161288,0.0,0.6289752650176679,0.5160011328235627,0.49252905368013283,0.0,0.6007775731532637,0.7338721976513649,0.4805914972273567
simdinov2_vitb16_lora_r8_b05,SimDINOv2-B LoRA r8 (blocs 0-5),ft_fresh,SimDINOv2-B,simb_stageA,1.0,49281,0,0.47455861310779485,0.4722535748270509,0.6525180930232178,0.710478463461757,41,0.001,interne_run,results/lora_simb_ablation/runs/simdinov2_vitb16_lora_r8a8_b012345_frac100_seed0,0.9489583333333333,0.0,0.8359820089955022,0.0,0.6355570161025303,0.5088419851682829,0.5090521831735889,0.0,0.6038974358974359,0.7377443609022556,0.4401114206128134
simdinov2_vitb16_lora_r8_b05,SimDINOv2-B LoRA r8 (blocs 0-5),ft_fresh,SimDINOv2-B,simb_stageA,1.0,49281,1,0.4788394668883484,0.47468320801198033,0.6584042669714791,0.7151949085123309,32,0.001,interne_run,results/lora_simb_ablation/runs/simdinov2_vitb16_lora_r8a8_b012345_frac100_seed1,0.9537496733733996,0.0,0.8422213311948676,0.0,0.6395611487576638,0.5152561888313184,0.5209809264305177,0.0,0.6016758634784386,0.7415831213526859,0.4522058823529412
simdinov2_vitb16_lora_r8_b05,SimDINOv2-B LoRA r8 (blocs 0-5),ft_fresh,SimDINOv2-B,simb_stageA,1.0,49281,2,0.47775243458874783,0.4653484515131521,0.6569095975595283,0.7126377997499715,28,0.001,interne_run,results/lora_simb_ablation/runs/simdinov2_vitb16_lora_r8a8_b012345_frac100_seed2,0.9528277299973938,0.0,0.8425378370251578,0.0,0.6399739583333334,0.505062192652589,0.5206786850477201,0.0,0.6007281553398058,0.7340586279842852,0.45940959409594095
simdinov2_vitb16_lora_r8_b611,SimDINOv2-B LoRA r8 (blocs 6-11),ft_fresh,SimDINOv2-B,simb_stageA,1.0,49281,0,0.4827792619841757,0.47719716089997877,0.6638214852282416,0.7188316854187976,13,0.001,interne_run,results/lora_simb_ablation/runs/simdinov2_vitb16_lora_r8a8_b67891011_frac100_seed0,0.9560010413954699,0.0,0.8438372556840845,0.0,0.642948717948718,0.5250284414106939,0.5016872890888638,0.0,0.6134171907756814,0.7380029806259314,0.4896489648964896
simdinov2_vitb16_lora_r8_b611,SimDINOv2-B LoRA r8 (blocs 6-11),ft_fresh,SimDINOv2-B,simb_stageA,1.0,49281,1,0.4806290164697092,0.4765547458199787,0.6608648976458502,0.7176383679963633,18,0.001,interne_run,results/lora_simb_ablation/runs/simdinov2_vitb16_lora_r8a8_b67891011_frac100_seed1,0.9536458333333333,0.0,0.8412619918900208,0.0,0.6403339755940912,0.49615156897572527,0.5233949945593036,0.0,0.604110442183932,0.7483375203191961,0.4796828543111992
simdinov2_vitb16_lora_r8_b611,SimDINOv2-B LoRA r8 (blocs 6-11),ft_fresh,SimDINOv2-B,simb_stageA,1.0,49281,2,0.4771068770165828,0.471128831569607,0.6560219558978013,0.7138879418115694,18,0.001,interne_run,results/lora_simb_ablation/runs/simdinov2_vitb16_lora_r8a8_b67891011_frac100_seed2,0.9567483064095883,0.0,0.8419070274556447,0.0,0.6248769281260256,0.5128205128205128,0.4844097995545657,0.0,0.6040016673614006,0.7422215541860815,0.48118985126859143
simdinov2_vitb16_lora_r8_b911,SimDINOv2-B LoRA r8 (blocs 9-11),ft_fresh,SimDINOv2-B,simb_stageA,1.0,49281,0,0.48057821679795687,0.4629003562111993,0.6607950480971907,0.7152517331514945,18,0.001,interne_run,results/lora_simb_ablation/runs/simdinov2_vitb16_lora_r8a8_b91011_frac100_seed0,0.9568158168574402,0.0,0.8363563882798485,0.0,0.6462431473718155,0.51138353765324,0.5164113785557987,0.0,0.6123833757421544,0.7349718685223571,0.4717948717948718
simdinov2_vitb16_lora_r8_b911,SimDINOv2-B LoRA r8 (blocs 9-11),ft_fresh,SimDINOv2-B,simb_stageA,1.0,49281,1,0.4807358664989222,0.4647572789970873,0.6610118164360179,0.7151949085123309,18,0.001,interne_run,results/lora_simb_ablation/runs/simdinov2_vitb16_lora_r8a8_b91011_frac100_seed1,0.9553941908713693,0.0,0.8346096469418199,0.0,0.6492078887811187,0.5034053893988747,0.520855614973262,0.0,0.6109285127362366,0.7393921155582305,0.4743011722272317
simdinov2_vitb16_lora_r8_b911,SimDINOv2-B LoRA r8 (blocs 9-11),ft_fresh,SimDINOv2-B,simb_stageA,1.0,49281,2,0.4803075438960653,0.46447022278441064,0.6604228728570898,0.7140015910898966,18,0.001,interne_run,results/lora_simb_ablation/runs/simdinov2_vitb16_lora_r8a8_b91011_frac100_seed2,0.9580838323353293,0.0,0.8337134357957362,0.0,0.6426292278238672,0.5196078431372549,0.5089334055224689,0.0,0.6077441077441077,0.7339477262426348,0.4787234042553192
simdinov2_vitb16_lora_r8_qkv,SimDINOv2-B LoRA r8 (Q+K+V),ft_fresh,SimDINOv2-B,simb_stageA,1.0,49281,0,0.4770229280617556,0.47991212679257794,0.655906526084914,0.7125241504716445,13,0.001,interne_run,results/lora_simb_ablation_qkv/runs/simdinov2_vitb16_lora_r8a8_frac100_seed0,0.9550766034796156,0.0,0.8385359529270968,0.0,0.637144745538665,0.5129533678756477,0.4868270332187858,0.0,0.6005642885933091,0.7374268127908722,0.4787234042553192
simdinov2_vitb16_lora_r8_qkv,SimDINOv2-B LoRA r8 (Q+K+V),ft_fresh,SimDINOv2-B,simb_stageA,1.0,49281,1,0.47937402847666244,0.48104640142309785,0.6591392891554109,0.7158768041822935,13,0.001,interne_run,results/lora_simb_ablation_qkv/runs/simdinov2_vitb16_lora_r8a8_frac100_seed1,0.9526797385620915,0.0,0.840768094534712,0.0,0.6435963777490298,0.509639564124057,0.5164896590273896,0.0,0.6018249688925756,0.7422524565381708,0.46586345381526106
simdinov2_vitb16_lora_r8_qkv,SimDINOv2-B LoRA r8 (Q+K+V),ft_fresh,SimDINOv2-B,simb_stageA,1.0,49281,2,0.4872592539501687,0.4732330805427724,0.6699814741814819,0.7234344811910445,13,0.0001,interne_run,results/lora_simb_ablation_qkv/runs/simdinov2_vitb16_lora_r8a8_frac100_seed2,0.9596224436287363,0.0,0.8461538461538461,0.0,0.6365397030342156,0.5305439330543933,0.5420144685587089,0.0,0.6061116965226554,0.7469302186283319,0.49193548387096775
simdinov2_vitb16_lora_r8_rslora,SimDINOv2-B LoRA r8 (rsLoRA),ft_fresh,SimDINOv2-B,simb_stageA,1.0,49281,0,0.4750225363515135,0.4806295502996669,0.653155987483331,0.711217183770883,13,0.001,interne_run,results/lora_simb_ablation/runs/simdinov2_vitb16_lora_r8a22_frac100_seed0,0.9510235812386628,0.0,0.8406429847191903,0.0,0.6438488860187278,0.516327100195367,0.47107438016528924,0.0,0.590797041906327,0.7332730560578662,0.4782608695652174
simdinov2_vitb16_lora_r8_rslora,SimDINOv2-B LoRA r8 (rsLoRA),ft_fresh,SimDINOv2-B,simb_stageA,1.0,49281,1,0.4776218917036449,0.47810911601282857,0.6567301010925117,0.7146266621206956,18,0.001,interne_run,results/lora_simb_ablation/runs/simdinov2_vitb16_lora_r8a22_frac100_seed1,0.955793879152498,0.0,0.8407114624505929,0.0,0.6407766990291263,0.5093340763443857,0.511123787792356,0.0,0.6006683375104428,0.7431164901664146,0.45231607629427795
simdinov2_vitb16_lora_r8_rslora,SimDINOv2-B LoRA r8 (rsLoRA),ft_fresh,SimDINOv2-B,simb_stageA,1.0,49281,2,0.4733834240261846,0.46703018299495885,0.6509022080360038,0.7100806909876123,18,0.001,interne_run,results/lora_simb_ablation/runs/simdinov2_vitb16_lora_r8a22_frac100_seed2,0.9576359832635983,0.0,0.84412140261271,0.0,0.6300839251129761,0.5154347210421977,0.4750430292598967,0.0,0.581855249745158,0.7331081081081081,0.46993524514338575
simdinov2_vitb16_lora_r8_s2,SimDINOv2-B LoRA r8 (scaling 2),ft_fresh,SimDINOv2-B,simb_stageA,1.0,49281,0,0.4747647467394824,0.48173202232524087,0.6528015267667884,0.7114444823275372,13,0.001,interne_run,results/lora_simb_ablation/runs/simdinov2_vitb16_lora_r8a16_frac100_seed0,0.9512448132780082,0.0,0.8414452075246343,0.0,0.6405693950177936,0.5091937765205092,0.479627473806752,0.0,0.5932134096484055,0.7368579152898769,0.47026022304832715
simdinov2_vitb16_lora_r8_s2,SimDINOv2-B LoRA r8 (scaling 2),ft_fresh,SimDINOv2-B,simb_stageA,1.0,49281,1,0.47808536761627657,0.47877170242936434,0.6573673804723803,0.7152517331514945,18,0.001,interne_run,results/lora_simb_ablation/runs/simdinov2_vitb16_lora_r8a16_frac100_seed1,0.9540229885057471,0.0,0.8411509657075286,0.0,0.6379812358460045,0.5116019010343864,0.5097142857142857,0.0,0.601673640167364,0.7428312707515846,0.45996275605214154
simdinov2_vitb16_lora_r8_s2,SimDINOv2-B LoRA r8 (scaling 2),ft_fresh,SimDINOv2-B,simb_stageA,1.0,49281,2,0.47534579896974594,0.46868324412916756,0.6536004735834007,0.7109898852142289,18,0.001,interne_run,results/lora_simb_ablation/runs/simdinov2_vitb16_lora_r8a16_frac100_seed2,0.95822454308094,0.0,0.8432496540818344,0.0,0.6327647248149341,0.5143661971830986,0.48256146369353914,0.0,0.5854943273905997,0.7345309381237525,0.47761194029850745
simdinov2_vitb16_mhsa,SimDINOv2 ViT-B/16 MHSA,ft_fresh,SimDINOv2-B,ft_ssl,1.0,49281,0,0.46881670094272876,0.4800164402952938,0.6424299813401118,0.7009887487214456,13,0.001,interne_run,ft_ssl_results/simdinov2_vitb16_mhsa_runs/frac100_seed0,0.9509297520661157,0.017543859649122806,0.8361236950955289,0.0,0.6154826377827334,0.5093099671412924,0.4543297746144721,0.0,0.5737186247627083,0.7198275862068966,0.47971781305114636
simdinov2_vitb16_mhsa,SimDINOv2 ViT-B/16 MHSA,ft_fresh,SimDINOv2-B,ft_ssl,1.0,49281,1,0.4713535950054373,0.47783905046815606,0.6459182106763359,0.7052505966587113,11,0.001,interne_run,ft_ssl_results/simdinov2_vitb16_mhsa_runs/frac100_seed1,0.9575916230366492,0.017543859649122806,0.8331372549019608,0.0,0.628131021194605,0.507814642171648,0.4679633867276888,0.0,0.5940803382663847,0.7272447250885569,0.4513826940231936
simdinov2_vitb16_mhsa,SimDINOv2 ViT-B/16 MHSA,ft_fresh,SimDINOv2-B,ft_ssl,1.0,49281,2,0.46695589087258244,0.46769396114856543,0.6398713674936605,0.701443345834754,13,0.001,interne_run,ft_ssl_results/simdinov2_vitb16_mhsa_runs/frac100_seed2,0.9524057217165149,0.017543859649122806,0.8308112857561262,0.0,0.617000328191664,0.5006977393245884,0.4427832087406556,0.0,0.5898598516075845,0.7261813144528244,0.4592314901593252
simdinov2_vitb16_norm_tuning,SimDINOv2-B NormTuning,ft_fresh,SimDINOv2-B,simb_stageA,1.0,49281,0,0.4777051257469362,0.4666655414686485,0.6568445479020373,0.7117286055233549,18,0.001,interne_run,results/lora_simb_ablation/runs/simdinov2_vitb16_norm_tuning_frac100_seed0,0.9545336451026241,0.0,0.8364397488288647,0.0,0.6383799421407907,0.4986449864498645,0.5072854830005397,0.0,0.6031033074724377,0.7346938775510204,0.4816753926701571
simdinov2_vitb16_norm_tuning,SimDINOv2-B NormTuning,ft_fresh,SimDINOv2-B,simb_stageA,1.0,49281,1,0.47835414454852754,0.46784887134389525,0.6577369487542255,0.7117286055233549,18,0.001,interne_run,results/lora_simb_ablation/runs/simdinov2_vitb16_norm_tuning_frac100_seed1,0.9565895502989342,0.0,0.8366573593936977,0.0,0.636568848758465,0.5007487271638215,0.5137614678899083,0.0,0.5987829614604463,0.7346877351392024,0.4840989399293286
simdinov2_vitb16_norm_tuning,SimDINOv2-B NormTuning,ft_fresh,SimDINOv2-B,simb_stageA,1.0,49281,2,0.47826546228193734,0.4680574854306162,0.6576150106376637,0.7123536765541539,18,0.001,interne_run,results/lora_simb_ablation/runs/simdinov2_vitb16_norm_tuning_frac100_seed2,0.9550532605871654,0.0,0.8375386456567269,0.0,0.6370941819350691,0.5037391564463057,0.5142857142857142,0.0,0.6009791921664627,0.7351172579675286,0.477112676056338
simdinov2_vitl16_lora,SimDINOv2 ViT-L/16 LoRA r=8,ft_fresh,SimDINOv2-L,lora_3models,1.0,49281,0,0.4808218691639563,0.47450865374967854,0.6589370876442995,0.7195135810887601,19,0.001,interne_run,ViTB_L_LoRA/lora_3models/runs/simdinov2_vitl16_lora_frac100_seed0,0.9546749546749547,0.017543859649122806,0.846985780092129,0.0,0.6290477717217057,0.5224719101123596,0.4931350114416476,0.0,0.604021164021164,0.7536528345996494,0.46750727449078566
simdinov2_vitl16_lora,SimDINOv2 ViT-L/16 LoRA r=8,ft_fresh,SimDINOv2-L,lora_3models,1.0,49281,1,0.47826211720089495,0.4809797490452633,0.6554174286950901,0.715933628821457,19,0.001,interne_run,ViTB_L_LoRA/lora_3models/runs/simdinov2_vitl16_lora_frac100_seed1,0.9510235812386628,0.017543859649122806,0.8448155880306193,0.0,0.625974025974026,0.5216170690623245,0.48957189901207465,0.0,0.6018033130635353,0.7498873366381252,0.45864661654135336
simdinov2_vitl16_lora,SimDINOv2 ViT-L/16 LoRA r=8,ft_fresh,SimDINOv2-L,lora_3models,1.0,49281,2,0.49108009972239514,0.4790702542718533,0.6752351371182932,0.7325264234572111,18,0.0001,interne_run,ViTB_L_LoRA/lora_3models/runs/simdinov2_vitl16_lora_frac100_seed2,0.9591465001301067,0.0,0.8542634127062543,0.0,0.646484375,0.5399768250289687,0.5312157721796276,0.0,0.6247096092925026,0.759215915740199,0.4868686868686869
vitb16_full_old,ViT-B/16 IN-Full,ft_old,ImageNet,sota_screening,0.01,492,0,0.41283424573616506,0.4168570197710515,0.567647087887227,0.6447323559495397,41,0.01,interne_run,sota_screening/full/runs/frac001_seed0,0.8071203244704822,0.0,0.7908400168847615,0.0,0.5714285714285714,0.46997084548104956,0.3787815996684625,0.0,0.5324537135560757,0.6977155490051584,0.2928660826032541
vitb16_full_old,ViT-B/16 IN-Full,ft_old,ImageNet,sota_screening,0.01,492,1,0.4316129081911014,0.4307151969718028,0.5934677487627644,0.658313444709626,30,0.01,interne_run,sota_screening/full/runs/frac001_seed1,0.9323149855148801,0.0,0.8275395905755117,0.0,0.5840236686390533,0.3823008849557522,0.3887222555488902,0.0,0.5170549084858569,0.6551115390787996,0.4606741573033708
vitb16_full_old,ViT-B/16 IN-Full,ft_old,ImageNet,sota_screening,0.01,492,2,0.4025636155298523,0.4179379520741077,0.553524971353547,0.6268894192521878,16,0.1,interne_run,sota_screening/full/runs/frac001_seed2,0.7968413496051687,0.0,0.7584426314158835,0.0,0.6178403755868545,0.37268770402611534,0.28829847371396267,0.0,0.5191765980498375,0.7065442700621853,0.3683683683683684
vitb16_full_old,ViT-B/16 IN-Full,ft_old,ImageNet,sota_screening,0.05,2463,0,0.451532058068472,0.4613303319840446,0.620856579844149,0.6851914990339811,17,0.001,interne_run,sota_screening/full/runs/frac005_seed0,0.9497148781752203,0.0,0.7927545031370168,0.0,0.6227544910179641,0.41840731070496084,0.4795377948964853,0.0,0.6030793841231754,0.7358573307995907,0.3647469458987784
vitb16_full_old,ViT-B/16 IN-Full,ft_old,ImageNet,sota_screening,0.05,2463,1,0.46485305224037626,0.4687959476413486,0.6391729468305174,0.695988180475054,27,0.001,interne_run,sota_screening/full/runs/frac005_seed1,0.9483568075117371,0.0,0.8183453237410072,0.0,0.6207923741435806,0.44911846582121867,0.4890738813735692,0.0,0.609552366673806,0.7181088314005353,0.46003552397868563
vitb16_full_old,ViT-B/16 IN-Full,ft_old,ImageNet,sota_screening,0.05,2463,2,0.45991868205787567,0.45591510691202636,0.6323881878295791,0.6971814978974884,16,0.001,interne_run,sota_screening/full/runs/frac005_seed2,0.9590921087358142,0.0,0.8353925866879235,0.0,0.597004765146358,0.4581717451523546,0.3912772585669782,0.0,0.5990666100975817,0.7264895908111989,0.49261083743842365
vitb16_full_old,ViT-B/16 IN-Full,ft_old,ImageNet,sota_screening,0.1,4927,0,0.4636895926148124,0.47060057427084384,0.637573189845367,0.6993976588248665,11,0.001,interne_run,sota_screening/full/runs/frac010_seed0,0.9509981851179673,0.0,0.8243105209397344,0.0,0.6355323318092749,0.4482331060136392,0.48951048951048953,0.0,0.5922229153670202,0.7390129426824065,0.4207650273224044
vitb16_full_old,ViT-B/16 IN-Full,ft_old,ImageNet,sota_screening,0.1,4927,1,0.46929745729553196,0.468091501116278,0.6452840037813565,0.700079554494829,11,0.001,interne_run,sota_screening/full/runs/frac010_seed1,0.9563846558066211,0.0,0.8189716855770214,0.0,0.6152845528455284,0.4821320411871593,0.4997521070897372,0.0,0.6096877502001601,0.7311509406013924,0.4489082969432314
vitb16_full_old,ViT-B/16 IN-Full,ft_old,ImageNet,sota_screening,0.1,4927,2,0.4734357931769899,0.47809259522773995,0.6509742156183611,0.7068985111944539,9,0.001,interne_run,sota_screening/full/runs/frac010_seed2,0.9589257503949447,0.0,0.8252602081665332,0.0,0.6281661600810537,0.4847588043799941,0.4697209057398631,0.0,0.6127167630057804,0.7389978213507625,0.489247311827957
vitb16_full_old,ViT-B/16 IN-Full,ft_old,ImageNet,sota_screening,0.25,12320,0,0.4703304810826526,0.47646396435278987,0.6467044114886473,0.7045118763495852,11,0.001,interne_run,sota_screening/full/runs/frac025_seed0,0.9537662337662338,0.0,0.8141481791544579,0.0,0.63344969850841,0.4877606527651859,0.4869750132908028,0.0,0.6148705096073517,0.7530707327403643,0.4295942720763723
vitb16_full_old,ViT-B/16 IN-Full,ft_old,ImageNet,sota_screening,0.25,12320,1,0.465891134513712,0.46606513719575715,0.640600309956354,0.6995681327423571,18,0.001,interne_run,sota_screening/full/runs/frac025_seed1,0.956020942408377,0.0,0.8141681717840659,0.0,0.634807878592186,0.45339895416794834,0.5051975051975052,0.0,0.5879299156391953,0.7462387161484454,0.427040395713108
vitb16_full_old,ViT-B/16 IN-Full,ft_old,ImageNet,sota_screening,0.25,12320,2,0.47726196363302137,0.4762355469430068,0.6562351999954044,0.71309239686328,16,0.001,interne_run,sota_screening/full/runs/frac025_seed2,0.957680250783699,0.0,0.8315239244069159,0.0,0.6322207958921694,0.4771696401572422,0.48777777777777775,0.0,0.6173744341452899,0.7517527543282301,0.4943820224719101
vitb16_full_old,ViT-B/16 IN-Full,ft_old,ImageNet,sota_screening,0.5,24639,0,0.47437302003647147,0.48577284836671203,0.6522629025501483,0.7065575633594726,11,0.001,interne_run,sota_screening/full/runs/frac050_seed0,0.9574301384173414,0.0,0.8257137153124376,0.0,0.6429026098026734,0.48087110064743965,0.4986301369863014,0.0,0.5956709956709957,0.7410595043775041,0.4758250191864927
vitb16_full_old,ViT-B/16 IN-Full,ft_old,ImageNet,sota_screening,0.5,24639,1,0.4543463660510284,0.4717328905633771,0.6247262533201641,0.6835435844982385,22,0.001,interne_run,sota_screening/full/runs/frac050_seed1,0.9552941176470588,0.0,0.800161648817943,0.0,0.6183699870633894,0.4753722794959908,0.4645019262520638,0.0,0.5737453429761122,0.7266518188567186,0.3837129054520359
vitb16_full_old,ViT-B/16 IN-Full,ft_old,ImageNet,sota_screening,0.5,24639,2,0.4793746294034498,0.4737802753042489,0.6591401154297436,0.7150812592340039,8,0.001,interne_run,sota_screening/full/runs/frac050_seed2,0.9597490852064819,0.0,0.8321959052589322,0.0,0.6431522084524944,0.4835820895522388,0.516093229744728,0.0,0.6135129263523789,0.7549745824255628,0.46986089644513135
vitb16_full_old,ViT-B/16 IN-Full,ft_old,ImageNet,sota_screening,0.7,34497,0,0.4625152649347836,0.4850318397445348,0.6359584892853274,0.6925787021252415,19,0.001,interne_run,sota_screening/full/runs/frac070_seed0,0.9562483625884203,0.0,0.8174430128840436,0.0,0.6162373655037496,0.48515406162464986,0.44687842278203727,0.0,0.5820598006644518,0.718922961854899,0.4647239263803681
vitb16_full_old,ViT-B/16 IN-Full,ft_old,ImageNet,sota_screening,0.7,34497,1,0.4724274690939941,0.47872737827721007,0.6474138569607637,0.7028639618138425,13,0.001,interne_run,sota_screening/full/runs/frac070_seed1,0.9568852887379148,0.017391304347826087,0.8206461938581574,0.0,0.6465218759836323,0.4823096518539485,0.49174917491749176,0.0,0.5873015873015873,0.7394262052647146,0.45447087776866285
vitb16_full_old,ViT-B/16 IN-Full,ft_old,ImageNet,sota_screening,0.7,34497,2,0.4673418035834054,0.4786822755193311,0.6404398075133892,0.6983748153199227,17,0.001,interne_run,sota_screening/full/runs/frac070_seed2,0.955909209496478,0.017241379310344827,0.8294427336843151,0.0,0.6213408876298395,0.45759817871371655,0.47828539199097575,0.0,0.5843137254901961,0.7311795642374155,0.4654487688641779
vitb16_full_old,ViT-B/16 IN-Full,ft_old,ImageNet,sota_screening,1.0,49281,0,0.4736252945328187,0.4827674816322673,0.6512347799826257,0.7092851460393227,18,0.0001,interne_run,sota_screening/full/runs/frac100_seed0,0.9572025052192067,0.0,0.8298846000795862,0.0,0.6374881065651761,0.5110606920022689,0.49377123442808607,0.0,0.5909289140863497,0.741678939617084,0.4478632478632479
vitb16_full_old,ViT-B/16 IN-Full,ft_old,ImageNet,sota_screening,1.0,49281,1,0.4764332258769319,0.4753411724535846,0.6529405131669883,0.7095692692351404,9,0.001,interne_run,sota_screening/full/runs/frac100_seed1,0.9573856209150327,0.017241379310344827,0.8323920935861234,0.0,0.6394169835234474,0.4943883277216611,0.4894795127353267,0.0,0.6040239726027398,0.7450281982784209,0.46140939597315433
vitb16_full_old,ViT-B/16 IN-Full,ft_old,ImageNet,sota_screening,1.0,49281,2,0.4739588142878791,0.4810186422976107,0.6495003871896934,0.7051937720195477,11,0.001,interne_run,sota_screening/full/runs/frac100_seed2,0.9569976544175137,0.017543859649122806,0.8272754580955242,0.0,0.6390197926484449,0.5015205971799834,0.4857309260337799,0.0,0.5840363400389358,0.7403730445246691,0.4610492845786963
vitb16_mhsa_old,ViT-B/16 IN-MHSA,ft_old,ImageNet,sota_screening,0.01,492,0,0.41043569682126724,0.4068929183694369,0.5643490831292425,0.6449596545061939,45,0.01,interne_run,sota_screening/mhsa/runs/frac001_seed0,0.7648590021691974,0.0,0.7829317482220571,0.0,0.5618874773139746,0.49944008958566627,0.36913357400722024,0.0,0.5552444540167994,0.7070824832410376,0.2742138364779874
vitb16_mhsa_old,ViT-B/16 IN-MHSA,ft_old,ImageNet,sota_screening,0.01,492,1,0.4154882738287382,0.41915161580750504,0.571296376514515,0.6449596545061939,31,0.01,interne_run,sota_screening/mhsa/runs/frac001_seed1,0.9042694245558207,0.0,0.8058319377401241,0.0,0.5984779299847793,0.37377238590410167,0.31322033898305085,0.0,0.5074989866234293,0.6716784289659404,0.3956215793588741
vitb16_mhsa_old,ViT-B/16 IN-MHSA,ft_old,ImageNet,sota_screening,0.01,492,2,0.40476610515299993,0.4117061250973728,0.5565533945853749,0.6401295601772928,31,0.01,interne_run,sota_screening/mhsa/runs/frac001_seed2,0.8133993866477943,0.0,0.7671037918064451,0.0,0.6185173401209036,0.3872017353579176,0.25596816976127323,0.0,0.5492160278745645,0.7122812093157819,0.3487394957983193
vitb16_mhsa_old,ViT-B/16 IN-MHSA,ft_old,ImageNet,sota_screening,0.05,2463,0,0.4545082904105299,0.4512630915523431,0.6249488993144785,0.6911580861461529,20,0.001,interne_run,sota_screening/mhsa/runs/frac005_seed0,0.9465767634854771,0.0,0.8121878121878122,0.0,0.6146277468022302,0.43683360258481424,0.468503937007874,0.0,0.5913607787467046,0.7315310105537083,0.3979695431472081
vitb16_mhsa_old,ViT-B/16 IN-MHSA,ft_old,ImageNet,sota_screening,0.05,2463,1,0.4614900855049175,0.46501528706371753,0.6345488675692617,0.6921809296510967,27,0.001,interne_run,sota_screening/mhsa/runs/frac005_seed1,0.9397777203411735,0.0,0.8201701093560145,0.0,0.6156583629893239,0.46025602857993453,0.47955010224948874,0.0,0.6036560033236393,0.7137207179799209,0.44360189573459713
vitb16_mhsa_old,ViT-B/16 IN-MHSA,ft_old,ImageNet,sota_screening,0.05,2463,2,0.4645385190984539,0.45355851236718786,0.6387404637603741,0.6995681327423571,27,0.001,interne_run,sota_screening/mhsa/runs/frac005_seed2,0.9523052464228935,0.0,0.8383436193509854,0.0,0.6062602965403624,0.46839945280437756,0.41826033312769895,0.0,0.5943722943722943,0.7257994501519317,0.5061830173124485
vitb16_mhsa_old,ViT-B/16 IN-MHSA,ft_old,ImageNet,sota_screening,0.1,4927,0,0.4639514706255319,0.46268500059873663,0.6379332721101063,0.6999090805773384,10,0.001,interne_run,sota_screening/mhsa/runs/frac010_seed0,0.9517852488923638,0.0,0.8313350944929893,0.0,0.6282345234195873,0.45,0.4671968190854871,0.0,0.5856606919549813,0.7400855920114122,0.4491682070240296
vitb16_mhsa_old,ViT-B/16 IN-MHSA,ft_old,ImageNet,sota_screening,0.1,4927,1,0.46485089900119153,0.45801209581665625,0.6391699861266382,0.6957040572792362,11,0.001,interne_run,sota_screening/mhsa/runs/frac010_seed1,0.9414797628254705,0.0,0.8211556099052277,0.0,0.6137975499677627,0.4824090638044126,0.4853306812531079,0.0,0.5958495993425108,0.7229699748557905,0.45036764705882354
vitb16_mhsa_old,ViT-B/16 IN-MHSA,ft_old,ImageNet,sota_screening,0.1,4927,2,0.4720366501147637,0.4749295948299338,0.6490503939078001,0.7063302648028185,24,0.001,interne_run,sota_screening/mhsa/runs/frac010_seed2,0.9541524757663086,0.0,0.8406902086677368,0.0,0.6126364538537876,0.4827981651376147,0.45179063360881544,0.0,0.6060350284870226,0.7322869297344873,0.512013256006628
vitb16_mhsa_old,ViT-B/16 IN-MHSA,ft_old,ImageNet,sota_screening,0.25,12320,0,0.464253060775236,0.4754607809313463,0.6383479585659495,0.6990567109898852,26,0.001,interne_run,sota_screening/mhsa/runs/frac025_seed0,0.9533437013996889,0.0,0.8203813819971294,0.0,0.6322743000943692,0.4611665155636144,0.46836127636560304,0.0,0.6042183622828784,0.7434539570461901,0.4235841737781226
vitb16_mhsa_old,ViT-B/16 IN-MHSA,ft_old,ImageNet,sota_screening,0.25,12320,1,0.4661866510806156,0.46548197937927677,0.6410066452358463,0.700079554494829,22,0.001,interne_run,sota_screening/mhsa/runs/frac025_seed1,0.9533975527206456,0.0,0.8171607811393302,0.0,0.6419047619047619,0.4659022329511165,0.4966580976863753,0.0,0.6003010105353688,0.7377287249491722,0.415
vitb16_mhsa_old,ViT-B/16 IN-MHSA,ft_old,ImageNet,sota_screening,0.25,12320,2,0.47506013116063384,0.4701467206342435,0.6532076803458715,0.7093419706784861,13,0.001,interne_run,sota_screening/mhsa/runs/frac025_seed2,0.9542961608775137,0.0,0.8369037995149555,0.0,0.6317829457364341,0.490364660539579,0.4858515750133476,0.0,0.606317574729701,0.7374415887850467,0.4827031375703942
vitb16_mhsa_old,ViT-B/16 IN-MHSA,ft_old,ImageNet,sota_screening,0.5,24639,0,0.47497782694230745,0.48342022882252084,0.6530945120456727,0.7104216388225935,11,0.001,interne_run,sota_screening/mhsa/runs/frac050_seed0,0.9566805845511482,0.0,0.8326326326326327,0.0,0.6437144662034112,0.4894982497082847,0.4946351931330472,0.0,0.6024978466838932,0.743952802359882,0.46114432109308284
vitb16_mhsa_old,ViT-B/16 IN-MHSA,ft_old,ImageNet,sota_screening,0.5,24639,1,0.4716011557728706,0.47096218408566287,0.648451589187697,0.7074667575860893,14,0.001,interne_run,sota_screening/mhsa/runs/frac050_seed1,0.9517349334724758,0.0,0.8267636951687891,0.0,0.6477526299011794,0.4844574780058651,0.5042194092827004,0.0,0.6052801030264006,0.7465262542050607,0.4208782104391052
vitb16_mhsa_old,ViT-B/16 IN-MHSA,ft_old,ImageNet,sota_screening,0.5,24639,2,0.4801723767041972,0.46737446134489835,0.6602370179682711,0.7136606432549153,8,0.001,interne_run,sota_screening/mhsa/runs/frac050_seed2,0.9580712788259959,0.0,0.8349456467537648,0.0,0.6428341384863124,0.4868421052631579,0.5265392781316348,0.0,0.6112772319521572,0.7402923372213199,0.48109412711182625
vitb16_mhsa_old,ViT-B/16 IN-MHSA,ft_old,ImageNet,sota_screening,0.7,34497,0,0.4748140650816304,0.4828155322420675,0.6528693394872418,0.7074099329469258,9,0.001,interne_run,sota_screening/mhsa/runs/frac070_seed0,0.9560439560439561,0.0,0.8229135205879392,0.0,0.6484104501101668,0.4880952380952381,0.5181451612903226,0.0,0.6066039798819156,0.7417729024607175,0.4409695074276779
vitb16_mhsa_old,ViT-B/16 IN-MHSA,ft_old,ImageNet,sota_screening,0.7,34497,1,0.4772484663409733,0.474193629379339,0.6562166412188383,0.7106489373792476,11,0.001,interne_run,sota_screening/mhsa/runs/frac070_seed1,0.9531005732152162,0.0,0.8306857027950935,0.0,0.6417484954070319,0.49074074074074076,0.5123422929237521,0.0,0.6059695082671248,0.7454005934718101,0.4697452229299363
vitb16_mhsa_old,ViT-B/16 IN-MHSA,ft_old,ImageNet,sota_screening,0.7,34497,2,0.4828094439010757,0.46588366890845145,0.6573974681225998,0.7116717808841914,11,0.001,interne_run,sota_screening/mhsa/runs/frac070_seed2,0.9579304938594199,0.05172413793103448,0.8361809045226131,0.0,0.6459747817652765,0.479035037334865,0.5284423179160022,0.0,0.6136560069144339,0.7392729439809297,0.4586872586872587
vitb16_mhsa_old,ViT-B/16 IN-MHSA,ft_old,ImageNet,sota_screening,1.0,49281,0,0.4660685133815736,0.48571875297035005,0.6408442058996637,0.6991703602682123,18,0.001,interne_run,sota_screening/mhsa/runs/frac100_seed0,0.9543546694648478,0.0,0.819438877755511,0.0,0.645998101866498,0.48727272727272725,0.48013816925734026,0.0,0.5941278065630398,0.7322633868306585,0.4131599081866871
vitb16_mhsa_old,ViT-B/16 IN-MHSA,ft_old,ImageNet,sota_screening,1.0,49281,1,0.47443722626936347,0.4762938108624208,0.6523511861203748,0.7092851460393227,11,0.001,interne_run,sota_screening/mhsa/runs/frac100_seed1,0.9538702111024238,0.0,0.8323081577089846,0.0,0.6513095613758283,0.48623853211009177,0.507446221731936,0.0,0.6059707812830828,0.7440672874737159,0.43759873617693523
vitb16_mhsa_old,ViT-B/16 IN-MHSA,ft_old,ImageNet,sota_screening,1.0,49281,2,0.465719564544947,0.4738283068614575,0.636127113113709,0.6963859529491988,19,0.001,interne_run,sota_screening/mhsa/runs/frac100_seed2,0.9552083333333333,0.03389830508474576,0.817773339990015,0.0,0.6321210170582555,0.480955088118249,0.4625071551230681,0.0,0.5940124919233254,0.7324409685667017,0.41399851079672373
vitb16_scratch_old,ViT-B/16 IN-Scratch,ft_old,aléatoire,sota_screening,0.01,492,0,0.23126138418481837,0.21103593531413314,0.31798440325412514,0.42232071826343903,21,0.1,interne_run,sota_screening/scratch/runs/frac001_seed0,0.5951903807615231,0.0,0.5544602851323829,0.0,0.47989347536617843,0.39842089280291526,0.0036330608537693005,0.0,0.12275903980553024,0.38173094011018305,0.007787151200519144
vitb16_scratch_old,ViT-B/16 IN-Scratch,ft_old,aléatoire,sota_screening,0.01,492,1,0.25566625098792783,0.24649138469811735,0.34968924325654893,0.4497670189794295,16,1.0,interne_run,sota_screening/scratch/runs/frac001_seed1,0.6928895612708018,0.014814814814814815,0.6158410500764182,0.0,0.4482331060136392,0.3250825082508251,0.014492753623188406,0.0,0.24235181644359466,0.42842570554233256,0.030197444831591175
vitb16_scratch_old,ViT-B/16 IN-Scratch,ft_old,aléatoire,sota_screening,0.01,492,2,0.23536103064096608,0.26789481275005195,0.3226744474343587,0.3898170246618934,9,10.0,interne_run,sota_screening/scratch/runs/frac001_seed2,0.5330480266286258,0.0,0.5400563607085346,0.007575757575757576,0.4785909505010629,0.2556179775280899,0.05477621910487642,0.0,0.26281898402098736,0.4162075706415497,0.04027949034114262
vitb16_scratch_old,ViT-B/16 IN-Scratch,ft_old,aléatoire,sota_screening,0.05,2463,0,0.29477944252061106,0.2920677803487615,0.40532173346584016,0.5082395726787134,2,0.1,interne_run,sota_screening/scratch/runs/frac005_seed0,0.6772303017147818,0.0,0.6183641368462446,0.0,0.5639797818568768,0.39935691318327976,0.02029520295202952,0.0,0.3551825810841461,0.5537522095452354,0.054412740544127404
vitb16_scratch_old,ViT-B/16 IN-Scratch,ft_old,aléatoire,sota_screening,0.05,2463,1,0.236773938495889,0.24174652004071095,0.3255641654318474,0.4108421411524037,18,0.1,interne_run,sota_screening/scratch/runs/frac005_seed1,0.5326864147088867,0.0,0.5374570446735395,0.0,0.5037037037037037,0.35386277687736356,0.04463519313304721,0.0,0.25400931195033627,0.336687306501548,0.04147157190635452
vitb16_scratch_old,ViT-B/16 IN-Scratch,ft_old,aléatoire,sota_screening,0.05,2463,2,0.24173676965849591,0.24809100683239638,0.3323880582804319,0.42067280372769633,15,1.0,interne_run,sota_screening/scratch/runs/frac005_seed2,0.5328537170263788,0.0,0.5885198623127733,0.0,0.48642895156998406,0.3785504407443683,0.043478260869565216,0.0,0.2224,0.3598420755781162,0.047031158142269255
vitb16_scratch_old,ViT-B/16 IN-Scratch,ft_old,aléatoire,sota_screening,0.1,4927,0,0.3157632624670739,0.325906931121617,0.4341744858922267,0.528866916695079,2,0.1,interne_run,sota_screening/scratch/runs/frac010_seed0,0.6854874283193648,0.0,0.6433539034185523,0.0,0.5811445949682057,0.41584748287161155,0.15134255492270138,0.0,0.38032934807128355,0.5717079530638852,0.044182621502209134
vitb16_scratch_old,ViT-B/16 IN-Scratch,ft_old,aléatoire,sota_screening,0.1,4927,1,0.22722301268279302,0.2321828662429707,0.31140705227490606,0.3760086373451529,29,10.0,interne_run,sota_screening/scratch/runs/frac010_seed1,0.48455937735375343,0.0,0.5293038524669306,0.00819672131147541,0.4397358282883875,0.301523656776263,0.10093457943925234,0.0,0.23349282296650717,0.3522727272727273,0.04943357363542739
vitb16_scratch_old,ViT-B/16 IN-Scratch,ft_old,aléatoire,sota_screening,0.1,4927,2,0.2321489509596905,0.22325484472031407,0.31722068058544745,0.39953403795885895,24,1.0,interne_run,sota_screening/scratch/runs/frac010_seed2,0.42720568150778476,0.015873015873015872,0.5485476427472626,0.0,0.48859934853420195,0.36875,0.028444444444444446,0.0,0.2648486249133349,0.35852178709321564,0.05284791544333529
vitb16_scratch_old,ViT-B/16 IN-Scratch,ft_old,aléatoire,sota_screening,0.25,12320,0,0.32470705383099924,0.345218710066208,0.4464721990176239,0.5159677236049551,1,1.0,interne_run,sota_screening/scratch/runs/frac025_seed0,0.7266530334014997,0.0,0.622762287078225,0.0,0.5635142697257974,0.3856056173200702,0.252760736196319,0.0,0.35834068843777583,0.5851281245087251,0.07701283547257877
vitb16_scratch_old,ViT-B/16 IN-Scratch,ft_old,aléatoire,sota_screening,0.25,12320,1,0.25446083715509765,0.2593414190635594,0.34862102482563295,0.42101375156267756,7,1.0,interne_run,sota_screening/scratch/runs/frac025_seed1,0.49975161450571287,0.0,0.5487862472844054,0.010101010101010102,0.4940591323570047,0.3782068235916424,0.11142857142857143,0.0,0.2777777777777778,0.42433862433862435,0.05461940732132481
vitb16_scratch_old,ViT-B/16 IN-Scratch,ft_old,aléatoire,sota_screening,0.25,12320,2,0.2610519081591945,0.260072380204107,0.35355757436353386,0.4253892487782703,8,10.0,interne_run,sota_screening/scratch/runs/frac025_seed2,0.48383053396841313,0.0136986301369863,0.5715400370623233,0.0,0.5178470254957507,0.4008574490889603,0.09427121102248005,0.029411764705882353,0.29316106036979284,0.42611558156547186,0.040837696335078534
vitb16_scratch_old,ViT-B/16 IN-Scratch,ft_old,aléatoire,sota_screening,0.5,24639,0,0.3410988157911548,0.3511877469189227,0.4690108717128379,0.5393226503011705,2,1.0,interne_run,sota_screening/scratch/runs/frac050_seed0,0.7478890229191797,0.0,0.6737084291989124,0.0,0.5794066317626527,0.4877797787496784,0.22847861396859773,0.0,0.402848876029379,0.547992417714975,0.08398320335932813
vitb16_scratch_old,ViT-B/16 IN-Scratch,ft_old,aléatoire,sota_screening,0.5,24639,1,0.32862118244751515,0.3326717056479203,0.4499161413692094,0.5262529832935561,3,1.0,interne_run,sota_screening/scratch/runs/frac050_seed1,0.7264895908111989,0.015503875968992248,0.674007475502576,0.0,0.5539424992883575,0.4818435754189944,0.2122905027932961,0.0,0.404581901489118,0.4797623468251021,0.06641123882503193
vitb16_scratch_old,ViT-B/16 IN-Scratch,ft_old,aléatoire,sota_screening,0.5,24639,2,0.35645219116164806,0.35630287688061285,0.4901217628472661,0.5716558699852256,2,0.1,interne_run,sota_screening/scratch/runs/frac050_seed2,0.7732949087415946,0.0,0.7265185185185186,0.0,0.5875542691751086,0.5144876325088339,0.26131293817718293,0.0,0.42066758116140834,0.5221270521056388,0.11501120238984316
vitb16_scratch_old,ViT-B/16 IN-Scratch,ft_old,aléatoire,sota_screening,0.7,34497,0,0.32838732239632396,0.3442433878274933,0.4515325682949454,0.528128196385953,3,1.0,interne_run,sota_screening/scratch/runs/frac070_seed0,0.7257945306725795,0.0,0.6810180062367971,0.0,0.5468620403649433,0.5057363615078436,0.20617283950617285,0.0,0.39972838388411047,0.46726190476190477,0.07968647942521227
vitb16_scratch_old,ViT-B/16 IN-Scratch,ft_old,aléatoire,sota_screening,0.7,34497,1,0.3486758082793558,0.36308992742108265,0.4794292363841141,0.5571655869985226,2,1.0,interne_run,sota_screening/scratch/runs/frac070_seed1,0.7694531438207661,0.0,0.7027570939826927,0.0,0.5844413012729844,0.48407973077918715,0.2413597733711048,0.0,0.4189402480270575,0.5383806519453207,0.09602194787379972
vitb16_scratch_old,ViT-B/16 IN-Scratch,ft_old,aléatoire,sota_screening,0.7,34497,2,0.3328302794332336,0.34737721256599563,0.45764163422069626,0.5360268212296851,3,1.0,interne_run,sota_screening/scratch/runs/frac070_seed2,0.7563427477261848,0.0,0.6865253898440624,0.0,0.5500136276914691,0.47873865265169613,0.2449230769230769,0.0,0.38915470494417864,0.482707601257629,0.07272727272727272
vitb16_scratch_old,ViT-B/16 IN-Scratch,ft_old,aléatoire,sota_screening,1.0,49281,0,0.366429328837798,0.36360637835274545,0.4841962928737917,0.5541538811228549,2,1.0,interne_run,sota_screening/scratch/runs/frac100_seed0,0.7869008068343617,0.0,0.6884567645841952,0.010810810810810811,0.5750286368843069,0.49302788844621515,0.28434504792332266,0.14634146341463414,0.42560865644724977,0.5267445979454481,0.09345794392523364
vitb16_scratch_old,ViT-B/16 IN-Scratch,ft_old,aléatoire,sota_screening,1.0,49281,1,0.34444385737476074,0.36668626700863494,0.47361030389029607,0.553642459370383,2,1.0,interne_run,sota_screening/scratch/runs/frac100_seed1,0.7836398838334947,0.0,0.701830776843147,0.0,0.5665163472378805,0.4817872753763963,0.2220936957779063,0.0,0.40468933177022276,0.5250993138317082,0.1032258064516129
vitb16_scratch_old,ViT-B/16 IN-Scratch,ft_old,aléatoire,sota_screening,1.0,49281,2,0.3538171420366863,0.365571836625646,0.48439772996430913,0.5544380043186726,2,1.0,interne_run,sota_screening/scratch/runs/frac100_seed2,0.7812055054579972,0.01680672268907563,0.6780829069646027,0.0,0.5837900201903663,0.48830409356725146,0.24443237370994025,0.0,0.4262295081967213,0.5568122498694972,0.1163251817580965
