tier,family,metric,label,rho,p,p_bh_global,p_bh_family,pairs_ok,pairs_total,pair_acc,pred_best,pred_best_correct
6,séparabilité,fisher_ratio,Ratio de Fisher,0.40583972495671394,0.4246625075613642,0.6460759764911262,0.4614828403508045,9,14,0.6428571428571429,ctxdistill_dA_tEMA,False
6,séparabilité,silhouette,Silhouette,0.3768511731740915,0.4614828403508045,0.6460759764911262,0.4614828403508045,9,14,0.6428571428571429,dinov3_vitb16_lvd_lora_r8,False
6,séparabilité,chi,Calinski-Harabasz,0.6667366910003157,0.14808979944035283,0.2961795988807057,0.29617959888070566,11,14,0.7857142857142857,ctxdistill_dA_tEMA,False
6,séparabilité,nc1_canonical,NC1 (intra/inter),-0.6667366910003157,0.14808979944035283,0.2961795988807057,0.29617959888070566,11,14,0.7857142857142857,ctxdistill_dA_tEMA,False
6,spectrale,eff_rank_sigma2,Rang effectif (σ²),-0.46381682852195877,0.3541642984362303,0.6197875222634031,0.4722190645816404,5,14,0.35714285714285715,simdinov2_vitl16_lora,False
6,spectrale,stable_rank,Stable rank,-0.8406680016960503,0.0360575728451592,0.2961795988807057,0.1442302913806368,2,14,0.14285714285714285,simdinov2_vitl16_lora,False
6,spectrale,participation_ratio,Participation ratio,-0.6667366910003157,0.14808979944035283,0.2961795988807057,0.29617959888070566,4,14,0.2857142857142857,simdinov2_vitl16_lora,False
6,spectrale,rankme_sigma_raw,RankMe (σ),0.028988551782622423,0.9565293523898406,0.9565293523898406,0.9565293523898406,7,14,0.5,ctxdistill_dB_tL,True
6,voisinage,knn_purity,Pureté k-NN,0.6957252427829382,0.12478933744028692,0.2961795988807057,0.1663857832537159,11,14,0.7857142857142857,ctxdistill_dB_tL,True
6,voisinage,aniso_cosine,Anisotropie,0.057977103565244846,0.9131317851623264,0.9565293523898406,0.9131317851623264,6,14,0.42857142857142855,simdinov2_vitl16_lora,False
6,voisinage,intrinsic_dim_twonn,Dim. intrinsèque,-0.753702346348183,0.08352328137325983,0.2961795988807057,0.1663857832537159,12,14,0.8571428571428571,ctxdistill_dB_tL,True
6,voisinage,dbi,Davies-Bouldin,-0.753702346348183,0.08352328137325983,0.2961795988807057,0.1663857832537159,11,14,0.7857142857142857,ctxdistill_dA_tEMA,False
6,transférabilité,logme_train,LogME (train),-0.057977103565244846,0.9131317851623264,0.9565293523898406,0.9131317851623264,6,14,0.42857142857142855,simdinov2_vitl16_lora,False
6,transférabilité,logme_test,LogME (test),0.08696565534786728,0.8698803787001028,0.9565293523898406,0.9131317851623264,7,14,0.5,simdinov2_vitl16_lora,False
8,séparabilité,fisher_ratio,Ratio de Fisher,0.5149792926227014,0.19154931341586579,0.5363380775644242,0.25539908455448773,17,27,0.6296296296296297,ctxdistill_dA_tEMA,False
8,séparabilité,silhouette,Silhouette,0.3353353533357125,0.4167915909642739,0.6483424748333149,0.4167915909642739,16,27,0.5925925925925926,dinov3_vitb16_lvd_lora_r8,False
8,séparabilité,chi,Calinski-Harabasz,0.6227656561948945,0.09910080782353477,0.34685282738237166,0.19820161564706953,19,27,0.7037037037037037,ctxdistill_dA_tEMA,False
8,séparabilité,nc1_canonical,NC1 (intra/inter),-0.6227656561948945,0.09910080782353477,0.34685282738237166,0.19820161564706953,19,27,0.7037037037037037,ctxdistill_dA_tEMA,False
8,spectrale,eff_rank_sigma2,Rang effectif (σ²),-0.3952166664313755,0.3325171079338275,0.5819049388841981,0.44335614391177,10,27,0.37037037037037035,simdinov2_vitl16_lora,False
8,spectrale,stable_rank,Stable rank,-0.407192929050508,0.31670918491612826,0.5819049388841981,0.44335614391177,10,27,0.37037037037037035,simdinov2_vitl16_lora,False
8,spectrale,participation_ratio,Participation ratio,-0.6227656561948945,0.09910080782353477,0.34685282738237166,0.39640323129413907,9,27,0.3333333333333333,simdinov2_vitl16_lora,False
8,spectrale,rankme_sigma_raw,RankMe (σ),-0.023952525238265177,0.9551061898789129,0.9551061898789129,0.9551061898789129,14,27,0.5185185185185185,ctxdistill_dB_tL,True
8,voisinage,knn_purity,Pureté k-NN,0.15569141404872364,0.7127617079991629,0.7675895316914063,0.7127617079991629,15,27,0.5555555555555556,ctxdistill_dB_tL,True
8,voisinage,aniso_cosine,Anisotropie,-0.467074242146171,0.24326991663399553,0.5676298054793228,0.48653983326799105,16,27,0.5925925925925926,simdinov2_vitl16_lora,False
8,voisinage,intrinsic_dim_twonn,Dim. intrinsèque,-0.17964393928698885,0.6703442772469386,0.7675895316914063,0.7127617079991629,16,27,0.5925925925925926,ctxdistill_dB_tL,True
8,voisinage,dbi,Davies-Bouldin,-0.6586944440522925,0.07568968784163853,0.34685282738237166,0.3027587513665541,19,27,0.7037037037037037,ctxdistill_dA_tEMA,False
8,transférabilité,logme_train,LogME (train),-0.27545404024004955,0.5090540726550732,0.7126757017171025,0.7127617079991629,10,27,0.37037037037037035,simdinov2_vitb16_lora_r8_b911,False
8,transférabilité,logme_test,LogME (test),-0.15569141404872364,0.7127617079991629,0.7675895316914063,0.7127617079991629,12,27,0.4444444444444444,simdinov2_vitl16_lora,False
10,séparabilité,fisher_ratio,Ratio de Fisher,0.44985010232324774,0.1920756967225873,0.3841513934451746,0.25610092896344977,26,44,0.5909090909090909,ctxdistill_dA_tEMA,False
10,séparabilité,silhouette,Silhouette,-0.18845071854082002,0.6020947513149707,0.842932651840959,0.6020947513149707,19,44,0.4318181818181818,dinov3_vitb16_lvd_lora_r8,False
10,séparabilité,chi,Calinski-Harabasz,0.5288778230016562,0.11599132062584647,0.33254180791125704,0.23198264125169293,29,44,0.6590909090909091,ctxdistill_dA_tEMA,False
10,séparabilité,nc1_canonical,NC1 (intra/inter),-0.5288778230016562,0.11599132062584647,0.33254180791125704,0.23198264125169293,29,44,0.6590909090909091,ctxdistill_dA_tEMA,False
10,spectrale,eff_rank_sigma2,Rang effectif (σ²),-0.36474332620803873,0.3000669694646655,0.5251171965631646,0.400089292619554,17,44,0.38636363636363635,simdinov2_vitl16_lora,False
10,spectrale,stable_rank,Stable rank,-0.5410359338752574,0.10631754642508441,0.33254180791125704,0.21263509285016882,13,44,0.29545454545454547,simdinov2_vitl16_lora,False
10,spectrale,participation_ratio,Participation ratio,-0.5775102664960614,0.08041257910277319,0.33254180791125704,0.21263509285016882,14,44,0.3181818181818182,simdinov2_vitl16_lora,False
10,spectrale,rankme_sigma_raw,RankMe (σ),-0.10334394242561099,0.7763340602409097,0.8638875447022868,0.7763340602409097,21,44,0.4772727272727273,ctxdistill_dB_tL,True
10,voisinage,knn_purity,Pureté k-NN,-0.024316221747202584,0.9468397049085097,0.9468397049085097,0.9468397049085097,22,44,0.5,ctxdistill_dB_tL,True
10,voisinage,aniso_cosine,Anisotropie,0.2553203283456271,0.4764934533513361,0.7412120385465228,0.6353246044684481,16,44,0.36363636363636365,dinov3_vitl16_lvd_lora,False
10,voisinage,intrinsic_dim_twonn,Dim. intrinsèque,-0.498482545817653,0.14251791767625302,0.33254180791125704,0.28503583535250604,31,44,0.7045454545454546,ctxdistill_dB_tL,True
10,voisinage,dbi,Davies-Bouldin,-0.5227987675648555,0.12102739408380088,0.33254180791125704,0.28503583535250604,28,44,0.6363636363636364,ctxdistill_dA_tEMA,False
10,transférabilité,logme_train,LogME (train),0.14589733048321551,0.6875567115411833,0.8638875447022868,0.8021812915092663,23,44,0.5227272727272727,simdinov2_vitb16_lora_r8_b911,False
10,transférabilité,logme_test,LogME (test),0.09118583155200968,0.8021812915092663,0.8638875447022868,0.8021812915092663,23,44,0.5227272727272727,simdinov2_vitl16_lora,False
12,séparabilité,fisher_ratio,Ratio de Fisher,0.5324001159371432,0.07475628173890238,0.20931758886892665,0.09967504231853651,43,65,0.6615384615384615,ctxdistill_dA_tEMA,False
12,séparabilité,silhouette,Silhouette,0.16462372005951137,0.6091580087875201,0.7752920111841166,0.6091580087875201,36,65,0.5538461538461539,dinov3_vitb16_lvd_lora_r8,False
12,séparabilité,chi,Calinski-Harabasz,0.5709290716957522,0.052523555482204325,0.20931758886892665,0.09967504231853651,45,65,0.6923076923076923,ctxdistill_dA_tEMA,False
12,séparabilité,nc1_canonical,NC1 (intra/inter),-0.5709290716957522,0.052523555482204325,0.20931758886892665,0.09967504231853651,45,65,0.6923076923076923,ctxdistill_dA_tEMA,False
12,spectrale,eff_rank_sigma2,Rang effectif (σ²),-0.2837132196770302,0.37150966693927856,0.5779039263499889,0.49534622258570477,27,65,0.4153846153846154,simdinov2_vitl16_lora,False
12,spectrale,stable_rank,Stable rank,-0.4798606308117672,0.11438935771004499,0.2669085013234383,0.22877871542008998,21,65,0.3230769230769231,simdinov2_vitl16_lora,False
12,spectrale,participation_ratio,Participation ratio,-0.54641064530391,0.06604060406823516,0.20931758886892665,0.22877871542008998,20,65,0.3076923076923077,simdinov2_vitl16_lora,False
12,spectrale,rankme_sigma_raw,RankMe (σ),-0.0770579115172181,0.8118586763333356,0.8118586763333356,0.8118586763333356,32,65,0.49230769230769234,ctxdistill_dB_tL,True
12,voisinage,knn_purity,Pureté k-NN,0.11908949961751886,0.7123998368899923,0.7936316859205464,0.7123998368899923,35,65,0.5384615384615384,ctxdistill_dB_tL,True
12,voisinage,aniso_cosine,Anisotropie,-0.17162898474289487,0.5937868060168403,0.7752920111841166,0.7123998368899923,34,65,0.5230769230769231,dinov3_vitl16_lvd_lora,False
12,voisinage,intrinsic_dim_twonn,Dim. intrinsèque,-0.3537658665108649,0.2592665286763142,0.5185330573526284,0.5185330573526284,42,65,0.6461538461538462,ctxdistill_dB_tL,True
12,voisinage,dbi,Davies-Bouldin,-0.5954474980875943,0.04107478346764912,0.20931758886892665,0.16429913387059647,45,65,0.6923076923076923,ctxdistill_dA_tEMA,False
12,transférabilité,logme_train,LogME (train),0.10858160259244368,0.7369437083547932,0.7936316859205464,0.7369437083547932,34,65,0.5230769230769231,simdinov2_vitb16_lora_r8_b911,False
12,transférabilité,logme_test,LogME (test),0.3082316460688724,0.32969829123223027,0.5769720096564029,0.6593965824644605,40,65,0.6153846153846154,simdinov2_vitl16_lora,False
35,séparabilité,fisher_ratio,Ratio de Fisher,0.48315473504844425,0.0032818099929321156,0.03566957206936582,0.013127239971728462,411,592,0.6942567567567568,dinov3_vits16_lvd_lora_r8,False
35,séparabilité,silhouette,Silhouette,0.37626953271676467,0.02589497138052575,0.0725059198654721,0.02589497138052575,376,592,0.6351351351351351,dinov3_vitb16_lvd_lora_r8,False
35,séparabilité,chi,Calinski-Harabasz,0.42978217661021373,0.009974194394544151,0.03566957206936582,0.013588408407377456,396,592,0.668918918918919,dinov3_vits16_lvd_lora_r8,False
35,séparabilité,nc1_canonical,NC1 (intra/inter),-0.42866149296846606,0.010191306305533093,0.03566957206936582,0.013588408407377456,396,592,0.668918918918919,dinov3_vits16_lvd_lora_r8,False
35,spectrale,eff_rank_sigma2,Rang effectif (σ²),-0.2448693757218558,0.15626536461527632,0.27346438807673357,0.3409771437115023,240,592,0.40540540540540543,simdinov2_vitb16_full,False
35,spectrale,stable_rank,Stable rank,-0.19738040640280022,0.2557328577836267,0.3361042948503178,0.3409771437115023,250,592,0.4222972972972973,simdinov2_vitb16_full,False
35,spectrale,participation_ratio,Participation ratio,-0.22147510470037415,0.20102819632506916,0.31271052761677426,0.3409771437115023,242,592,0.40878378378378377,simdinov2_vitb16_full,False
35,spectrale,rankme_sigma_raw,RankMe (σ),0.041605380199880526,0.8124208069888778,0.8749147152187914,0.8124208069888778,298,592,0.5033783783783784,resnet50_fulft_sota,False
35,voisinage,knn_purity,Pureté k-NN,0.24739091391578794,0.15191121985144446,0.27346438807673357,0.20254829313525927,342,592,0.5777027027027027,ctxdistill_dB_tL,True
35,voisinage,aniso_cosine,Anisotropie,-0.2712054413029249,0.11504856946291377,0.2684466620801321,0.20254829313525927,337,592,0.5692567567567568,dinov3_vitl16_lvd_lora,False
35,voisinage,intrinsic_dim_twonn,Dim. intrinsèque,-0.19401835547755736,0.2640819459538211,0.3361042948503178,0.2640819459538211,344,592,0.581081081081081,simdinov2_vitb16_norm_tuning,False
35,voisinage,dbi,Davies-Bouldin,-0.43160328752805355,0.009629765434844196,0.03566957206936582,0.03851906173937678,399,592,0.6739864864864865,ctxdistill_dA_tEMA,False
35,transférabilité,logme_train,LogME (train),-0.008685298223544084,0.9605067459782497,0.9605067459782497,0.9605067459782497,297,592,0.5016891891891891,simdinov2_vitl16,False
35,transférabilité,logme_test,LogME (test),0.11921272239090346,0.4951775770746841,0.5777071732537982,0.9605067459782497,330,592,0.5574324324324325,simdinov2_vitl16_lora,False
42,séparabilité,fisher_ratio,Ratio de Fisher,0.42069710038039076,0.006870339334874117,0.019236950137647528,0.013740678669748234,524,777,0.6743886743886743,vitb16_scratch_old,False
42,séparabilité,silhouette,Silhouette,0.5813200789377567,8.369159713817027e-05,0.0005858411799671919,0.0003347663885526811,558,777,0.7181467181467182,dinov3_vitb16_lvd_lora_r8,False
42,séparabilité,chi,Calinski-Harabasz,0.22395271601427136,0.16477025630350015,0.21156214451089125,0.16622739925855742,466,777,0.5997425997425997,vitb16_scratch_old,False
42,séparabilité,nc1_canonical,NC1 (intra/inter),-0.22320214134811545,0.16622739925855742,0.21156214451089125,0.16622739925855742,466,777,0.5997425997425997,vitb16_scratch_old,False
42,spectrale,eff_rank_sigma2,Rang effectif (σ²),0.13294553774286655,0.4134723048501346,0.4452778667616834,0.4880442844016831,413,777,0.5315315315315315,simdinov2_vitb16_full,False
42,spectrale,stable_rank,Stable rank,0.13669841107364614,0.4002917606728225,0.4452778667616834,0.4880442844016831,416,777,0.5353925353925354,simdinov2_vitb16_full,False
42,spectrale,participation_ratio,Participation ratio,0.11286766542319583,0.4880442844016831,0.4880442844016831,0.4880442844016831,405,777,0.5212355212355212,simdinov2_vitb16_full,False
42,spectrale,rankme_sigma_raw,RankMe (σ),0.28653187880502085,0.07305014252080587,0.12783774941141027,0.2922005700832235,459,777,0.5907335907335908,resnet50_fulft_sota,False
42,voisinage,knn_purity,Pureté k-NN,0.4781160623413183,0.001806462922304518,0.006322620228065813,0.0024086172297393574,522,777,0.6718146718146718,ctxdistill_dB_tL,True
42,voisinage,aniso_cosine,Anisotropie,-0.49810011282771954,0.0010726782789381723,0.005005831968378138,0.0021453565578763447,512,777,0.6589446589446589,dinov3_vitl16_lvd_lora,False
42,voisinage,intrinsic_dim_twonn,Dim. intrinsèque,-0.3215274226145404,0.0430618507348743,0.0861237014697486,0.0430618507348743,487,777,0.6267696267696268,simdinov2_vitb16_norm_tuning,False
42,voisinage,dbi,Davies-Bouldin,-0.5824459409369906,8.046325306658375e-05,0.0005858411799671919,0.000321853012266335,568,777,0.731016731016731,ctxdistill_dA_tEMA,False
42,transférabilité,logme_train,LogME (train),0.27377210948037023,0.08737459628933529,0.13591603867229934,0.08737459628933529,461,777,0.5933075933075933,simdinov2_vitl16,False
42,transférabilité,logme_test,LogME (test),0.34610874293114663,0.02869264174787941,0.06694949741171861,0.05738528349575882,493,777,0.6344916344916345,simdinov2_vitl16_lora,False
